Date,Close,log_return,moving_volatility,frac_diff_signal
2020-01-03 00:00:00,294.64007568359375,-0.007600949901349988,1.1240386962890625,
2020-01-06 00:00:00,295.76416015625,0.0038078515114332596,0.9177737526041688,
2020-01-07 00:00:00,294.9324951171875,-0.00281588047324491,0.8725878130453152,
2020-01-08 00:00:00,296.50433349609375,0.0053153337891476945,0.8677294275873201,
2020-01-09 00:00:00,298.5149841308594,0.006758295833971814,1.3009540280331064,
2020-01-10 00:00:00,297.6558837890625,-0.0028820627866481784,1.3067596971759408,
2020-01-13 00:00:00,299.70281982421875,0.006853316221782491,1.6361511853588944,
2020-01-14 00:00:00,299.2459716796875,-0.0015255001416076468,1.719955839853657,
2020-01-15 00:00:00,299.9222412109375,0.0022573621359474622,1.8390665860856634,
2020-01-16 00:00:00,302.4172058105469,0.008284295112845027,2.274660495202963,
2020-01-17 00:00:00,303.3583984375,0.0031073994320463955,2.6595335896189836,
2020-01-21 00:00:00,302.7642822265625,-0.0019603833354574192,2.819039524557083,
2020-01-22 00:00:00,302.80078125,0.00012054534081652725,2.920269791743972,
2020-01-23 00:00:00,303.14825439453125,0.0011468726317820216,3.0105093840669888,
2020-01-24 00:00:00,300.4522399902344,-0.008933168074529109,2.930200263559398,
2020-01-27 00:00:00,295.6361999511719,-0.01615916200460384,2.970177381957771,
2020-01-28 00:00:00,298.7342224121094,0.01042464564296186,2.887575782667118,
2020-01-29 00:00:00,298.4874267578125,-0.0008264793102798124,2.8134679714192,
2020-01-30 00:00:00,299.4561462402344,0.003240173065464819,2.7438016835332766,
2020-01-31 00:00:00,294.0186462402344,-0.018324795683240903,2.922376844638865,
2020-02-03 00:00:00,296.202880859375,0.007401439934375432,2.826540350048177,
2020-02-04 00:00:00,300.71734619140625,0.015126146520213945,2.7493401307270107,
2020-02-05 00:00:00,304.18994140625,0.011481539184860265,2.765479351270796,
2020-02-06 00:00:00,305.2135314941406,0.0033593213560905283,2.9104341961821953,
2020-02-07 00:00:00,303.5868225097656,-0.0053439944474687135,2.9786551274326376,
2020-02-10 00:00:00,305.8531799316406,0.007437542203117275,3.1347379848906463,
2020-02-11 00:00:00,306.3832702636719,0.0017316527440462872,3.34910754129136,
2020-02-12 00:00:00,308.35723876953125,0.006422141574736544,3.6665591278844962,
2020-02-13 00:00:00,308.0281982421875,-0.0010676454661036616,3.900882072037622,
2020-02-14 00:00:00,308.521728515625,0.0016009421376247373,4.1530202175755875,
2020-02-18 00:00:00,307.7266845703125,-0.002580272401628325,4.31488779443253,
2020-02-19 00:00:00,309.197998046875,0.004769840817047997,4.554719071377612,
2020-02-20 00:00:00,307.92767333984375,-0.004116913491547274,4.6878709742686,
2020-02-21 00:00:00,304.7565612792969,-0.010351630410427828,4.701919884785291,
2020-02-24 00:00:00,294.6492004394531,-0.033727800482336166,5.028532948957603,
2020-02-25 00:00:00,285.7207336425781,-0.03077061970484208,6.094338969375567,
2020-02-26 00:00:00,284.6697998046875,-0.003684966581602196,7.188429885897287,
2020-02-27 00:00:00,271.88470458984375,-0.045951815150543356,9.684589016188973,
2020-02-28 00:00:00,270.7424621582031,-0.0042100513530435035,11.641708799004498,
2020-03-02 00:00:00,282.4673156738281,0.04239480226734509,12.146036791878236,
2020-03-03 00:00:00,274.3796081542969,-0.02905026837951372,13.221646226193606,
2020-03-04 00:00:00,285.9126281738281,0.041173689466982716,13.419676992079356,
2020-03-05 00:00:00,276.4084167480469,-0.033806725489313814,13.97886040240883,
2020-03-06 00:00:00,271.8390197753906,-0.01666949073239199,14.650190546509736,
2020-03-09 00:00:00,250.60989379882812,-0.08131252990417695,17.15345971940942,
2020-03-10 00:00:00,263.5777893066406,0.050451017873957546,17.76241429286061,
2020-03-11 00:00:00,250.72872924804688,-0.04997694527718785,19.08269455479573,
2020-03-12 00:00:00,226.73971557617188,-0.10056886253816022,22.300665446237996,
2020-03-13 00:00:00,246.1228485107422,0.08202806328808813,22.74065416564048,
2020-03-16 00:00:00,219.191162109375,-0.11588656005464254,25.100725455948236,
2020-03-17 00:00:00,231.02574157714844,0.05258490429529984,25.550308073947015,
2020-03-18 00:00:00,219.3282470703125,-0.05195968697294937,26.230265314245973,
2020-03-19 00:00:00,219.79432678222656,0.0021227780792283397,26.20837911148031,
2020-03-20 00:00:00,210.3224639892578,-0.04405033503542377,26.499892833956704,
2020-03-23 00:00:00,204.9448699951172,-0.025900879665086005,27.294656494248716,
2020-03-24 00:00:00,223.51353454589844,0.08673095335443841,26.852138926372422,
2020-03-25 00:00:00,226.859619140625,0.014859438827032919,25.97672758371316,
2020-03-26 00:00:00,240.10594177246094,0.05674884169549486,25.328197224265754,
2020-03-27 00:00:00,232.95416259765625,-0.030238542831266032,24.719455939186183,
2020-03-30 00:00:00,240.51956176757812,0.03195971698528426,22.987190814503847,
2020-03-31 00:00:00,236.93447875976562,-0.01501778216549041,21.657866726761192,
2020-04-01 00:00:00,226.2712860107422,-0.04604898201345055,18.906778923827343,
2020-04-02 00:00:00,231.49261474609375,0.022813311302627738,16.471205834961687,
2020-04-03 00:00:00,228.14651489257812,-0.01455993952513281,13.96765199452529,
2020-04-06 00:00:00,243.4702606201172,0.06500677033932463,13.558896480793933,
2020-04-07 00:00:00,243.71844482421875,0.0010188422793749644,11.750870754766709,
2020-04-08 00:00:00,251.8997039794922,0.03301736384074098,11.855909342308381,
2020-04-09 00:00:00,255.7329559326172,0.015102750934244182,13.059571612748819,
2020-04-13 00:00:00,253.3981170654297,-0.00917192196282199,13.550632455412297,
2020-04-14 00:00:00,260.8714599609375,0.029065958259847775,14.588681322623783,
2020-04-15 00:00:00,255.32855224609375,-0.021476639425840934,15.280628622276092,
2020-04-16 00:00:00,256.5603332519531,0.0048126982956829085,15.490333234948782,
2020-04-17 00:00:00,263.49139404296875,0.0266568529614737,15.963848335807834,
2020-04-20 00:00:00,258.84918212890625,-0.017775123560010563,15.031662484165935,
2020-04-21 00:00:00,250.98965454101562,-0.030833862395288392,12.536895598075526,
2020-04-22 00:00:00,256.5603332519531,0.021952132993825365,11.881238044791367,
2020-04-23 00:00:00,256.5418701171875,-7.196669455852751e-05,11.27242640693548,
2020-04-24 00:00:00,260.1177062988281,0.013842357490727075,11.4852001002606,
2020-04-27 00:00:00,263.86822509765625,0.014315586069171955,11.410386195135928,
2020-04-28 00:00:00,262.65484619140625,-0.00460903280565138,11.535378556598502,
2020-04-29 00:00:00,269.53076171875,0.025841729136199525,11.755498947516143,
2020-04-30 00:00:00,267.0212707519531,-0.009354206539234761,10.501880734624331,
2020-05-01 00:00:00,259.9523010253906,-0.02683016437428207,9.124103002803993,
2020-05-04 00:00:00,260.6693115234375,0.002754441744603615,6.566200017704407,
2020-05-05 00:00:00,263.07769775390625,0.009196818934292644,5.809255481597431,
2020-05-06 00:00:00,261.2944030761719,-0.006801664504650098,4.729437259857844,
2020-05-07 00:00:00,264.4473571777344,0.011994451041573045,4.517666299296669,
2020-05-08 00:00:00,268.8229064941406,0.016410618824017818,4.785400618122188,
2020-05-11 00:00:00,268.8780822753906,0.000205228491656409,4.793273601933865,
2020-05-12 00:00:00,263.5189208984375,-0.020132879652305365,4.8112629116717995,
2020-05-13 00:00:00,258.8584899902344,-0.017843629779057017,4.639315685489194,
2020-05-14 00:00:00,261.9562072753906,0.01189580029588903,4.481844896058572,
2020-05-15 00:00:00,263.160400390625,0.004586391702349687,4.477119097641589,
2020-05-18 00:00:00,271.1762390136719,0.030005204282672247,4.830221042030059,
2020-05-19 00:00:00,268.3909606933594,-0.010324211930840729,4.173168104910671,
2020-05-20 00:00:00,272.95037841796875,0.016845288586456165,4.331333155355823,
2020-05-21 00:00:00,271.06591796875,-0.006927983588333563,4.177082610587277,
2020-05-22 00:00:00,271.5806579589844,0.0018971469367168399,4.244052768728337,
2020-05-26 00:00:00,274.9266357421875,0.012245104979859572,4.675170390346744,
2020-05-27 00:00:00,279.0173034667969,0.014769516537110516,5.364612861502346,
2020-05-28 00:00:00,278.5025939941406,-0.0018464260064371605,5.9042184036512735,-0.009119948776739942
2020-05-29 00:00:00,279.74359130859375,0.004446064805846177,6.479624224397415,0.002071556915169792
2020-06-01 00:00:00,280.87420654296875,0.004033467262458241,6.762543255460944,0.0007747470631490178
2020-06-02 00:00:00,283.1998596191406,0.00824596056996555,7.12366725308073,0.005054057756455756
2020-06-03 00:00:00,286.9687805175781,0.013220565034077123,7.789131184480161,0.00859139339740447
2020-06-04 00:00:00,286.2149963378906,-0.002630167302939162,8.051075645563992,-0.009460126557002835
2020-06-05 00:00:00,293.550537109375,0.02530654835626827,8.999846597786524,0.023210436487818092
2020-06-08 00:00:00,297.0988464355469,0.012015087501225692,10.19124288278839,0.0014635172264368113
2020-06-09 00:00:00,294.88348388671875,-0.007484591269804753,10.888149474561416,-0.015900851409866617
2020-06-10 00:00:00,293.238037109375,-0.005595615912593412,10.99050886551033,-0.007011808853144141
2020-06-11 00:00:00,276.3331604003906,-0.059377451876381694,10.06002079314187,-0.05928099678947629
2020-06-12 00:00:00,279.6424560546875,0.011904603867250521,9.246119934017237,0.03174165066554287
2020-06-15 00:00:00,282.2530822753906,0.009292278822119611,8.391313627009955,0.010895975132649541
2020-06-16 00:00:00,287.685791015625,0.019064757796984827,8.18592468335556,0.017262999962085118
2020-06-17 00:00:00,286.49078369140625,-0.004162514119533886,7.622888959425323,-0.011004547461861651
2020-06-18 00:00:00,286.60107421875,0.0003848965124283111,7.314311143866039,-0.00036204316556663233
2020-06-19 00:00:00,284.9632568359375,-0.005731014958777051,6.738097073126918,-0.006619425629950108
2020-06-22 00:00:00,286.79132080078125,0.006394597492011931,6.100365324196527,0.0077694927892584895
2020-06-23 00:00:00,288.11163330078125,0.004593174593474588,5.679575974478169,0.0025031368540778956
2020-06-24 00:00:00,280.76220703125,-0.025839947911116507,5.590362343403024,-0.028252208842631084
2020-06-25 00:00:00,283.7721252441406,0.010663467435442433,5.364775191734244,0.018643580162215203
2020-06-26 00:00:00,277.0322265625,-0.02403769938338281,5.551146062636605,-0.025541445052372744
2020-06-29 00:00:00,281.1038818359375,0.01459044646443779,5.541124225119117,0.022862554980699154
2020-06-30 00:00:00,284.70465087890625,0.012728042954268225,5.514988794966785,0.010310539940748726
2020-07-01 00:00:00,286.698974609375,0.006980466134985648,5.512712200300636,0.002320855905858869
2020-07-02 00:00:00,288.27777099609375,0.0054917015919874815,5.536947059345533,0.001628123390265938
2020-07-06 00:00:00,292.72802734375,0.015319445672386021,5.483507925532349,0.011865240169620133
2020-07-07 00:00:00,289.7088928222656,-0.010367342655435322,4.942705749238166,-0.01726315768201649
2020-07-08 00:00:00,291.9248046875,0.007619649947583868,4.700664543500105,0.008528924510867097
2020-07-09 00:00:00,290.2628173828125,-0.005709471505327944,4.494105687390222,-0.008863318069929092
2020-07-10 00:00:00,293.2265930175781,0.010158885735010658,4.314812715301015,0.01075083662934556
2020-07-13 00:00:00,290.68756103515625,-0.008696648188387623,4.151977507640076,-0.012563162325917912
2020-07-14 00:00:00,294.45452880859375,0.012875572888895478,4.347134285511203,0.014378136670049255
2020-07-15 00:00:00,297.1598205566406,0.009145520580864796,4.850471059889985,0.0046169878560246395
2020-07-16 00:00:00,296.1811828613281,-0.0032987390964386593,5.171541348302166,-0.008204369932401555
2020-07-17 00:00:00,297.0398254394531,0.0028948508759482285,5.494681145886895,0.0019081843313216661
2020-07-20 00:00:00,299.4403076171875,0.008048868702062966,5.884034466021925,0.0060072128169479716
2020-07-21 00:00:00,300.0774230957031,0.0021254274418283947,6.277197883683876,-0.0018932886420197216
2020-07-22 00:00:00,301.7854309082031,0.005675752827429494,6.743360339312958,0.003095761293682803
2020-07-23 00:00:00,298.1846923828125,-0.01200320355110723,6.504861842542575,-0.015474285754170683
2020-07-24 00:00:00,296.2641906738281,-0.0064614753112368145,6.308242785861919,-0.004019784022766335
2020-07-27 00:00:00,298.4247741699219,0.007266295930177741,5.363701291235125,0.009657934978546024
2020-07-28 00:00:00,296.5320129394531,-0.006362706189841997,4.591191752437442,-0.008414304182142576
2020-07-29 00:00:00,300.17889404296875,0.012223428357369046,4.21638766326026,0.013684863945616925
2020-07-30 00:00:00,299.10791015625,-0.0035741985952514794,3.852091813021171,-0.007720973815486282
2020-07-31 00:00:00,301.4715881347656,0.00787136487132256,3.6701091905797694,0.00764730821349993
2020-08-03 00:00:00,303.5673522949219,0.006927727794073167,3.9040419965281252,0.003619155754679039
2020-08-04 00:00:00,304.7400207519531,0.0038555176597708973,3.916467516027827,-2.989434577097428e-05
2020-08-05 00:00:00,306.6327209472656,0.006191660546391204,4.166744516064008,0.003084431305681101
2020-08-06 00:00:00,308.6824645996094,0.006662443191756004,4.327466251493688,0.002799118178480623
2020-08-07 00:00:00,308.904052734375,0.0007175938530229895,4.587968722627892,-0.0035248464140518816
2020-08-10 00:00:00,309.8272705078125,0.002984230550193734,4.546709583521209,0.0005939380944158467
2020-08-11 00:00:00,307.269775390625,-0.008288841364162431,4.491260952212501,-0.01093271515328288
2020-08-12 00:00:00,311.5538330078125,0.013846033025100719,4.864119335201649,0.01513509914682282
2020-08-13 00:00:00,310.99066162109375,-0.0018092571541532478,5.002567536115529,-0.006977205797009944
2020-08-14 00:00:00,310.9998474121094,2.953675621365226e-05,5.090681798928412,-0.0014112221075033545
2020-08-17 00:00:00,311.98773193359375,0.0031714447679318048,5.292321845736398,0.0019689990165449225
2020-08-18 00:00:00,312.6617736816406,0.0021581446990832816,5.490245597648859,8.609789787403189e-05
2020-08-19 00:00:00,311.35992431640625,-0.00417245508644874,5.60629404529529,-0.006129552011937319
2020-08-20 00:00:00,312.3294677734375,0.003109061177939248,5.534737006573184,0.0033972461202680677
2020-08-21 00:00:00,313.4373779296875,0.0035409715982336093,5.255767936706431,0.001997628242560363
2020-08-24 00:00:00,316.6134033203125,0.010081893038596404,5.261198479816255,0.007935140500953588
2020-08-25 00:00:00,317.721435546875,0.0034935282932848388,4.982905948293179,-0.001170160804349563
2020-08-26 00:00:00,320.9067687988281,0.009975631033715782,5.191272892738878,0.006731892810285605
2020-08-27 00:00:00,321.6083679199219,0.0021839155526587905,5.138419978889283,-0.0030427460365155244
2020-08-28 00:00:00,323.685791015625,0.006438707816897741,5.321078452490123,0.0032812108188136273
2020-08-31 00:00:00,322.5132751464844,-0.0036289658011453216,5.372927884069893,-0.007749802334358669
2020-09-01 00:00:00,325.5508728027344,0.009374442055501869,5.6382570214039704,0.008528747148702127
2020-09-02 00:00:00,330.2596435546875,0.014360403058237764,6.3467058127987555,0.009965277912716959
2020-09-03 00:00:00,318.8940124511719,-0.03502034553886955,6.191124849066498,-0.04209100324074465
2020-09-04 00:00:00,316.290283203125,-0.00819838856115833,5.9761506385031415,0.0009659237889035228
2020-09-08 00:00:00,307.6483154296875,-0.02770311208217204,6.111898715616155,-0.022913594146435044
2020-09-09 00:00:00,313.72357177734375,0.01955495595408276,5.793207095603278,0.030807917034036673
2020-09-10 00:00:00,308.2762145996094,-0.01751607178296743,5.975346260220124,-0.020534713875165284
2020-09-11 00:00:00,308.43316650390625,0.0005089979575294091,6.114896920077454,0.006433033384444544
2020-09-14 00:00:00,312.49566650390625,0.013085422199064781,6.05917941174018,0.014927891977072774
2020-09-15 00:00:00,314.07440185546875,0.005039304531860806,6.0013755520508525,0.0015187207256673455
2020-09-16 00:00:00,312.8279724121094,-0.003976475881850524,5.996272987094932,-0.00654241342476213
2020-09-17 00:00:00,310.07659912109375,-0.008834069647291573,6.056772621780002,-0.008360087677404027
2020-09-18 00:00:00,306.50677490234375,-0.011579501677599918,6.375470843581929,-0.008561928507099954
2020-09-21 00:00:00,303.095458984375,-0.011192057172121166,6.961112182293774,-0.006242741487047459
2020-09-22 00:00:00,306.1822509765625,0.01013271403907158,7.247536855447068,0.01579900349973753
2020-09-23 00:00:00,299.0816650390625,-0.023463852765692923,8.001836565091413,-0.024783100293629793
2020-09-24 00:00:00,299.8788146972656,0.0026617787177171093,8.41030515271974,0.011032803981548633
2020-09-25 00:00:00,304.7269287109375,0.016037617834178945,8.356486820179589,0.01803015624136706
2020-09-28 00:00:00,309.788330078125,0.01647319819019585,7.940910853073547,0.012246246346535514
2020-09-29 00:00:00,308.1011962890625,-0.005460969671439806,7.554809085979601,-0.012061401793108485
2020-09-30 00:00:00,310.43719482421875,0.007553321426617649,6.754599298353136,0.007339385234547169
2020-10-01 00:00:00,312.43017578125,0.006399396894127161,4.967262576272695,0.0032706220199881066
2020-10-02 00:00:00,309.4638366699219,-0.009539765774888959,4.439318725919913,-0.013001318281865315
2020-10-05 00:00:00,314.95159912109375,0.017577732500192303,4.332838365711847,0.01943786958601475
2020-10-06 00:00:00,310.47430419921875,-0.014317831689026438,4.345234230906141,-0.02031188396882258
2020-10-07 00:00:00,315.87860107421875,0.017256824210626936,4.491458061273788,0.020197949233628318
2020-10-08 00:00:00,318.6781311035156,0.008823634044940855,4.970555377031255,0.0032036386181642437
2020-10-09 00:00:00,321.5238342285156,0.0088900753862627,5.622092653799977,0.0038795053559439966
2020-10-12 00:00:00,326.69647216796875,0.015959844776100962,6.684543527522013,0.010708521552592536
2020-10-13 00:00:00,324.5644226074219,-0.006547474888453286,7.307799417032167,-0.014508947292882792
2020-10-14 00:00:00,322.5250549316406,-0.006303222347682657,7.70603764253176,-0.007380571163351566
2020-10-15 00:00:00,322.1264953613281,-0.0012365117897047578,8.016225502931112,-0.00043162780719175026
2020-10-16 00:00:00,321.93182373046875,-0.0006045155571075679,8.157195696067841,-0.0006092776378107027
2020-10-19 00:00:00,317.037353515625,-0.015320194212341931,7.860476493745142,-0.015531703135401633
2020-10-20 00:00:00,318.3072509765625,0.003997512981301951,7.713935704014843,0.008957861241632795
2020-10-21 00:00:00,317.7046813964844,-0.001894837910097729,6.884405950605932,-0.001968089545797183
2020-10-22 00:00:00,319.4473876953125,0.005470313066975813,5.940295588624113,0.006240418586419721
2020-10-23 00:00:00,320.5320739746094,0.0033897566496717737,5.36642314345386,0.0017091696720886599
2020-10-26 00:00:00,314.6086120605469,-0.018652981271655305,5.1345173344576756,-0.02038841571516786
2020-10-27 00:00:00,313.5240783691406,-0.0034532027568384234,4.767935904446435,0.00235718335692618
2020-10-28 00:00:00,302.8081970214844,-0.034776570187303145,5.567267058803365,-0.03191150490088628
2020-10-29 00:00:00,305.8857421875,0.010112048738730613,6.015827969374587,0.02348236815233904
2020-10-30 00:00:00,302.6968994140625,-0.010479667803641833,6.589381780234857,-0.0093778583373759
2020-11-02 00:00:00,306.0896911621094,0.01114619450077937,6.9718569750005015,0.016251765295006902
2020-11-03 00:00:00,311.4939270019531,0.01750167467914975,6.933776437206287,0.01588175371884478
2020-11-04 00:00:00,318.45556640625,0.02210311429480096,6.950473756318433,0.01619668528597518
2020-11-05 00:00:00,324.6663818359375,0.019315181320629243,7.170591750127996,0.009984267336681257
2020-11-06 00:00:00,324.59228515625,-0.00022825010670234143,7.305194595020947,-0.010215607435733843
2020-11-09 00:00:00,328.6709899902344,0.01248733241121551,7.4503792159522755,0.008602013553405619
2020-11-10 00:00:00,328.18890380859375,-0.001467851128527945,7.6756828443330125,-0.00817331561087051
2020-11-11 00:00:00,330.6268310546875,0.007400971910868873,8.152167245074601,0.004885882441129263
2020-11-12 00:00:00,327.4195556640625,-0.009747947416034547,8.381733280635586,-0.014151556764410923
2020-11-13 00:00:00,331.9524230957031,0.013749261376075,8.901073016913125,0.014937397775707158
2020-11-16 00:00:00,336.0960998535156,0.012405475819623233,9.705637343951063,0.007144858241957075
2020-11-17 00:00:00,334.2884521484375,-0.005392881087989752,10.243177756420025,-0.011909668554480304
2020-11-18 00:00:00,330.26531982421875,-0.012107918557109526,10.46658774852285,-0.013079651263895426
2020-11-19 00:00:00,331.6557312011719,0.00420114580075285,10.733265879668968,0.007169995273591091
2020-11-20 00:00:00,329.3846740722656,-0.006871186832472842,10.87709959876923,-0.008042576838131628
2020-11-23 00:00:00,331.3591003417969,0.005976392734198312,10.945917236057575,0.007747202502816498
2020-11-24 00:00:00,336.69866943359375,0.01598569177714555,11.158324201589588,0.014132720415457082
2020-11-25 00:00:00,336.1795349121094,-0.0015430270177681626,10.38292887096059,-0.007886786636222887
2020-11-27 00:00:00,337.1157531738281,0.0027810052488918464,9.664250684723187,0.0009592951537174392
2020-11-30 00:00:00,335.6233215332031,-0.004436888371930947,8.075869791995354,-0.006696442180085105
2020-12-01 00:00:00,339.2941589355469,0.01087799236569863,6.560583504228833,0.011143239498057516
2020-12-02 00:00:00,340.0079345703125,0.0021014977114780713,5.321523162027156,-0.0021675855275694457
2020-12-03 00:00:00,339.9151916503906,-0.0002728041359985423,4.682682122215929,-0.002748568695739717
2020-12-04 00:00:00,342.84454345703125,0.00858096818175176,4.797907433788932,0.0072820326043391975
2020-12-07 00:00:00,342.1399841308594,-0.0020571547130291234,4.671614789295005,-0.006054310807752915
2020-12-08 00:00:00,343.1411437988281,0.002921896837507009,4.832686730830387,0.001858738267795779
2020-12-09 00:00:00,340.06353759765625,-0.009009385041222603,4.659995087773149,-0.011016236176461826
2020-12-10 00:00:00,339.95233154296875,-0.00032706900154959897,4.584625993360422,0.001673396594194317
2020-12-11 00:00:00,339.5537109375,-0.001173265949896434,4.156137012207332,-0.0009162070918451949
2020-12-14 00:00:00,338.033447265625,-0.004487293492642801,4.004444813777127,-0.0042154337844836414
2020-12-15 00:00:00,342.6034851074219,0.013428911369990327,4.1642849793769265,0.014883324041560366
2020-12-16 00:00:00,343.1411437988281,0.0015681021153211743,4.267956707133547,-0.0028289699666026345
2020-12-17 00:00:00,345.05999755859375,0.005576447398765981,4.152728527081427,0.0035368074488444927
2020-12-18 00:00:00,343.68212890625,-0.004001121573916651,3.9569622049812376,-0.00703400269188767
2020-12-21 00:00:00,342.4533386230469,-0.0035817754803396254,3.2902191398563576,-0.0035859354605244477
2020-12-22 00:00:00,341.8761901855469,-0.0016867563068456869,2.6554819472162374,-0.0009364206333303085
2020-12-23 00:00:00,342.183349609375,0.000898048858623146,2.532305787234999,0.0014037998165529631
2020-12-24 00:00:00,343.5146179199219,0.0038829631886344047,2.3708103192278434,0.003536657135600335
2020-12-28 00:00:00,346.4656677246094,0.008554064110484018,2.457372582846632,0.006942168449242144
2020-12-29 00:00:00,345.8047180175781,-0.001909513743404078,2.213690116766107,-0.005590207158200431
2020-12-30 00:00:00,346.29803466796875,0.0014255592309678046,2.2966844075680375,0.000637580816474608
2020-12-31 00:00:00,348.0576477050781,0.005068344217636742,2.5293382805090676,0.003858300587104489
2021-01-04 00:00:00,343.3191833496094,-0.013707542218805633,2.4397968399487806,-0.0162247452690513
2021-01-05 00:00:00,345.6837463378906,0.006863750992870107,2.507728175911085,0.010511705056281592
2021-01-06 00:00:00,347.7503662109375,0.005960554735492496,2.686336304502311,0.00431903010661218
2021-01-07 00:00:00,352.9171142578125,0.014748341670531295,3.3869937526162905,0.012109564615943416
2021-01-08 00:00:00,354.92791748046875,0.005681493946975877,4.029072720407881,-0.0005456267233830856
2021-01-11 00:00:00,352.5354309082031,-0.0067635890913439025,4.222047898292026,-0.011127964759963933
2021-01-12 00:00:00,352.60986328125,0.0002111121606757549,4.29293633923513,0.0004691210507053276
2021-01-13 00:00:00,353.55938720703125,0.0026892264067466215,4.194594948531231,0.0019697884058894216
2021-01-14 00:00:00,352.3211975097656,-0.003508216528406206,4.2518022759356935,-0.005119341855010798
2021-01-15 00:00:00,349.7518615722656,-0.0073193163438151085,4.179130270699916,-0.006987975871900753
2021-01-19 00:00:00,352.4981994628906,0.007821578221414643,4.271946804542534,0.010091399550273092
2021-01-20 00:00:00,357.3762512207031,0.013743637445988555,4.622421001362101,0.011483414735475494
2021-01-21 00:00:00,357.7020568847656,0.0009112447767309742,4.800633302194615,-0.004684457397327954
2021-01-22 00:00:00,356.4360046386719,-0.00354568294477801,4.714092408012669,-0.005948543490647464
2021-01-25 00:00:00,357.84161376953125,0.00393575525555,4.636288961336392,0.00379304077676369
2021-01-26 00:00:00,357.2831726074219,-0.0015618009227511879,4.513823672652789,-0.003521646872695205
2021-01-27 00:00:00,348.5509948730469,-0.024744121695533285,4.418083146765694,-0.025191116505888175
2021-01-28 00:00:00,351.548583984375,0.008563374468273911,4.209830385643848,0.016648328843320306
2021-01-29 00:00:00,344.5107116699219,-0.020222737364255516,4.34560929493286,-0.020930774078597243
2021-02-01 00:00:00,350.2453308105469,0.016508670757309524,4.275514404843143,0.023674566374255336
2021-02-02 00:00:00,355.1978454589844,0.014041091278180241,3.8351305942306424,0.010621687131660947
2021-02-03 00:00:00,355.4771423339844,0.0007860045567287652,3.539415153207581,-0.0047511231034178016
2021-02-04 00:00:00,359.5174255371094,0.01130169763376619,3.5869149963174745,0.00918292982667106
2021-02-05 00:00:00,360.932373046875,0.003927960926078206,3.916354231036649,-0.001140842658533133
2021-02-08 00:00:00,363.5390319824219,0.007196060923564993,4.429854041231526,0.0037906127799970145
2021-02-09 00:00:00,363.2969665527344,-0.0006660799385967518,4.800090002137321,-0.00490291552118333
2021-02-10 00:00:00,363.13861083984375,-0.00043598006575433723,5.077363531229966,-0.002197579463540156
2021-02-11 00:00:00,363.7251281738281,0.0016138305704353152,5.355255714345572,0.0004885118718269488
2021-02-12 00:00:00,365.5218505859375,0.004927620134258456,5.660472339098979,0.003415747472319366
2021-02-16 00:00:00,365.20538330078125,-0.0008661708234379249,5.713153352980138,-0.0035587705574716675
2021-02-17 00:00:00,365.2891540527344,0.00022935353527436185,5.834626430262616,-0.0008117262539052807
2021-02-18 00:00:00,363.7344665527344,-0.0042651289008353716,5.957541293532405,-0.0052192531218203725
2021-02-19 00:00:00,363.0921325683594,-0.0017675031496543821,6.039653606782599,-0.0010241947489263012
2021-02-22 00:00:00,360.29937744140625,-0.007721320926091617,6.0257860143587685,-0.007248192161330743
2021-02-23 00:00:00,360.7369079589844,0.001213615958417594,6.03345719363592,0.00382766605233814
2021-02-24 00:00:00,364.7119445800781,0.010958943253063961,6.141439794311374,0.011205467052253457
2021-02-25 00:00:00,355.9239501953125,-0.024390764090014738,5.6824711491529465,-0.028124477637722356
2021-02-26 00:00:00,354.0900573730469,-0.0051658048458681684,5.523108667855167,0.0021088555580023403
2021-03-01 00:00:00,362.6732482910156,0.023951006305730015,4.266872200323882,0.0277800384990958
2021-03-02 00:00:00,359.84320068359375,-0.007833903531937901,3.5263161732388064,-0.014667019038865189
2021-03-03 00:00:00,355.0768127441406,-0.013334242915315717,3.5368665582709746,-0.012435007898340043
2021-03-04 00:00:00,350.6828308105469,-0.012451940962589435,4.0482960528232,-0.007825034671962439
2021-03-05 00:00:00,357.1342468261719,0.018229553589115117,4.126025526504628,0.023992796451902165
2021-03-08 00:00:00,355.35614013671875,-0.004991254375999309,4.301287637575811,-0.009235859851555152
2021-03-09 00:00:00,360.4296875,0.014176397845402111,4.250072653143889,0.015061756313606827
2021-03-10 00:00:00,362.6732482910156,0.00620539035132515,4.231669422846105,0.0014682860638388908
2021-03-11 00:00:00,366.3504333496094,0.010088057045061903,4.388066408223369,0.006428217975054414
2021-03-12 00:00:00,366.8438415527344,0.0013459141580837183,4.547877288275724,-0.0036982609689795365
2021-03-15 00:00:00,369.03155517578125,0.005945898118306684,4.788667267887968,0.0033942595224126185
2021-03-16 00:00:00,368.5661315917969,-0.0012619986589032146,4.989484424792021,-0.0047894869469794705
2021-03-17 00:00:00,369.82281494140625,0.003403855295671271,5.268611535610756,0.002153870341206764
2021-03-18 00:00:00,364.4420471191406,-0.014656466408998012,5.286824302153212,-0.016853429734038427
2021-03-19 00:00:00,363.76776123046875,-0.0018519005749382694,5.299741520226741,0.002095086406197441
2021-03-22 00:00:00,366.67242431640625,0.007953227257526285,5.412997057876335,0.009390772133322083
2021-03-23 00:00:00,363.7864074707031,-0.007901969932530757,5.425488135383677,-0.010266898070251992
2021-03-24 00:00:00,361.9369812011719,-0.005096791152074527,5.38699409410103,-0.0031280151862079697
2021-03-25 00:00:00,363.97320556640625,0.005610142254441438,5.23483906364779,0.007784152973389241
2021-03-26 00:00:00,369.8385925292969,0.01598642020617093,5.145778317472622,0.014689852389982975
2021-03-29 00:00:00,369.65179443359375,-0.0005052076483195823,5.348138941019249,-0.006437092094166717
2021-03-30 00:00:00,368.6712341308594,-0.0026561839230564346,5.409073792627182,-0.004498169072131366
2021-03-31 00:00:00,370.1654968261719,0.0040449118730682115,5.196887964794679,0.0038764161504454536
2021-04-01 00:00:00,374.16290283203125,0.01074107729758992,4.558078909803865,0.008863195717204933
2021-04-05 00:00:00,379.5332946777344,0.014251054347063318,5.049966751176352,0.009607597364383928
2021-04-06 00:00:00,379.30914306640625,-0.0005907724889867167,5.0380987860134665,-0.007420131236814381
2021-04-07 00:00:00,379.7481384277344,0.0011566858548781047,5.340479866941522,-0.0014224048230326047
2021-04-08 00:00:00,381.5507507324219,0.004735631955245135,5.79688282587823,0.002650892111690643
2021-04-09 00:00:00,384.3246154785156,0.00724367696725381,6.525749738644833,0.004214920335717191
2021-04-12 00:00:00,384.4647521972656,0.00036456466802024595,7.097927784924689,-0.003754324881797964
2021-04-13 00:00:00,385.6042175292969,0.0029593872976155103,7.684551804871929,0.000867171307167612
2021-04-14 00:00:00,384.28729248046875,-0.0034210698939159743,8.037926952154924,-0.0058626381542263625
2021-04-15 00:00:00,388.41546630859375,0.010685125833670086,8.63654896957379,0.010454813261381929
2021-04-16 00:00:00,389.71368408203125,0.0033367699367615506,8.95697746772339,-0.0010936303610368917
2021-04-19 00:00:00,387.799072265625,-0.004924975624500528,8.917144193320183,-0.007982487846841423
2021-04-20 00:00:00,384.9598083496094,-0.007348415563324566,8.78058692214019,-0.00728601477885894
2021-04-21 00:00:00,388.602294921875,0.009417507599364761,8.490211569369473,0.011349085200926916
2021-04-22 00:00:00,385.0531311035156,-0.009175114908069246,7.642148585952462,-0.012289529200653404
2021-04-23 00:00:00,389.2279968261719,0.01078395438345855,6.945820331900038,0.012779065587126763
2021-04-26 00:00:00,390.04071044921875,0.0020858374271070152,6.67596226499486,-0.0014845327678455283
2021-04-27 00:00:00,389.9565734863281,-0.00021573655434395063,6.208266373656163,-0.00226929002837013
2021-04-28 00:00:00,389.8444519042969,-0.0002875645944366608,5.376486360261048,-0.0013176846966473927
2021-04-29 00:00:00,392.32891845703125,0.006352747363750582,4.563758164147718,0.005669753983427787
2021-04-30 00:00:00,389.7511291503906,-0.00659216060984873,3.844624423304521,-0.009421610662632585
2021-05-03 00:00:00,390.59161376953125,0.002154143039778477,3.6316644780355056,0.003206828643101332
2021-05-04 00:00:00,388.1819763183594,-0.006188307286280859,3.2095053734064654,-0.0070629977288037835
2021-05-05 00:00:00,388.3033752441406,0.00031268826005824684,2.7172045845009847,0.0019495695271070643
2021-05-06 00:00:00,391.40423583984375,0.007953948120233196,2.446437180144507,0.008097314824895901
2021-05-07 00:00:00,394.2528991699219,0.0072517022673784124,2.622289213974133,0.004412344687477147
2021-05-10 00:00:00,390.34881591796875,-0.009951840273197184,2.462660266050666,-0.013534064492815648
2021-05-11 00:00:00,386.8650817871094,-0.008964732803643852,2.3917456962493273,-0.0069725885597168025
2021-05-12 00:00:00,378.6460266113281,-0.02147420443352989,3.144619125579779,-0.018171812755227636
2021-05-13 00:00:00,383.1945495605469,0.011941020571525716,3.3674077011357295,0.02037043642438855
2021-05-14 00:00:00,389.0785827636719,0.015238512952115415,3.3583549339995735,0.013878047551549078
2021-05-17 00:00:00,388.088623046875,-0.0025476120063366242,3.3562636966993726,-0.007735497904284279
2021-05-18 00:00:00,384.7449951171875,-0.00865295896440732,3.367695343447105,-0.009299055892701188
2021-05-19 00:00:00,383.7361755371094,-0.002625490898414385,3.5185226631955397,-0.00011288709740071368
2021-05-20 00:00:00,387.8644714355469,0.010700704586317404,3.446127504191296,0.012232191470004906
2021-05-21 00:00:00,387.5469055175781,-0.0008190902149808509,3.4435186694448805,-0.004014012277366187
2021-05-24 00:00:00,391.49761962890625,0.010142547317024743,3.495884504575492,0.00948972629357651
2021-05-25 00:00:00,390.6290588378906,-0.002221024220182287,3.5147302181911493,-0.006192081585842928
2021-05-26 00:00:00,391.40423583984375,0.0019824661203309705,3.564095739887319,0.0013031281288925626
2021-05-27 00:00:00,391.6097717285156,0.0005249865044708807,3.527952481436071,-0.0008007191399850341
2021-05-28 00:00:00,392.31024169921875,0.0017870959922688643,3.620307044398606,0.0008853908738938243
2021-06-01 00:00:00,391.9646911621094,-0.0008811975112068116,3.6716913095204875,-0.002090214756559791
2021-06-02 00:00:00,392.5810852050781,0.001571340228613968,3.771453125090556,0.0012294650143079616
2021-06-03 00:00:00,391.1240234375,-0.0037183972143232814,3.802720528103277,-0.00464813858752428
2021-06-04 00:00:00,394.70123291015625,0.009104401146022217,3.9734062414359514,0.009887506273145425
2021-06-07 00:00:00,394.3182678222656,-0.0009707367628009666,3.977660384638319,-0.0041338041466237214
2021-06-08 00:00:00,394.4023132324219,0.00021311833998785597,4.135613265337704,-0.0005847109556797908
2021-06-09 00:00:00,393.81390380859375,-0.001493015546771587,4.2064482948667585,-0.002167254412968376
2021-06-10 00:00:00,395.6445007324219,0.0046376102762350655,3.5626315383808196,0.004663884076067986
2021-06-11 00:00:00,396.2983093261719,0.001651151406353639,3.3554266218717004,-0.00020407123290887242
2021-06-14 00:00:00,397.1856689453125,0.0022366172811414367,3.561874455314125,0.0008872057596286107
2021-06-15 00:00:00,396.4571228027344,-0.001835955305832,3.6190197258712336,-0.0033313313672198083
2021-06-16 00:00:00,394.2435302734375,-0.005599080520896535,3.24029636019278,-0.005729233547889003
2021-06-17 00:00:00,394.1128234863281,-0.0003315931626191077,2.560226913086338,0.0012809995516980285
2021-06-18 00:00:00,388.79608154296875,-0.013582228133146907,2.473642619785983,-0.013161438030126647
2021-06-21 00:00:00,394.362060546875,0.014214428533933628,2.141701344479799,0.019041152662845732
2021-06-22 00:00:00,396.4703063964844,0.005331726247037376,2.197490463521971,0.001870772225892102
2021-06-23 00:00:00,395.9925537109375,-0.0012057416630537035,2.142528151566534,-0.0039269741256844955
2021-06-24 00:00:00,398.3351745605469,0.005898390697122424,2.2692756329926485,0.005285402361691786
2021-06-25 00:00:00,399.74993896484375,0.0035454010161830468,2.481759333623503,0.0009999445780718317
2021-06-28 00:00:00,400.55584716796875,0.002014001371725103,2.7322145700048783,-0.00026652693995971206
2021-06-29 00:00:00,400.77142333984375,0.0005380477740113947,2.9029397132197423,-0.0012348677744443578
2021-06-30 00:00:00,401.1087341308594,0.0008412998071305154,3.0652443910491307,-0.0002928678186879866
2021-07-01 00:00:00,403.3294982910156,0.005521293524488322,3.2581557325836883,0.004497277785910219
2021-07-02 00:00:00,406.41229248046875,0.007614301543991883,3.871122054377795,0.0050280305841420465
2021-07-06 00:00:00,405.67218017578125,-0.0018227475946673763,4.234390463589934,-0.005625260555186113
2021-07-07 00:00:00,407.10577392578125,0.003527643015988938,4.628656312146091,0.002531164257775371
2021-07-08 00:00:00,403.78863525390625,-0.008181477483284605,4.653481549236419,-0.010276026144564425
2021-07-09 00:00:00,408.0990905761719,0.010618452985372555,5.00684078122081,0.012392437634463955
2021-07-12 00:00:00,409.5607604980469,0.003575255595420389,5.4086580590380615,-2.1850973271164524e-06
2021-07-13 00:00:00,408.1646423339844,-0.0034146414328391755,5.6367972337792605,-0.005998675644212327
2021-07-14 00:00:00,408.773681640625,0.0014910291305971642,5.814592844990224,0.0014172214704281502
2021-07-15 00:00:00,407.37750244140625,-0.0034213772849965014,5.724894940532938,-0.00444099514797808
2021-07-16 00:00:00,404.18218994140625,-0.00787453847526805,5.451808723305796,-0.0073266742617008485
2021-07-19 00:00:00,398.2132568359375,-0.01487805852906283,4.592926723703653,-0.012255693871107774
2021-07-20 00:00:00,403.9198913574219,0.014228886600748131,4.156027344722816,0.020083737120871734
2021-07-21 00:00:00,407.1900634765625,0.008063493287177535,3.9146912193219827,0.004997352122574999
2021-07-22 00:00:00,408.0428161621094,0.0020920476047099268,3.560236253386978,-0.0013489553337296383
2021-07-23 00:00:00,412.24078369140625,0.010235494602380527,3.641844241094734,0.008297739771660527
2021-07-26 00:00:00,413.2527770996094,0.002451851748440964,3.8140436824856527,-0.002077137673618629
2021-07-27 00:00:00,411.3692932128906,-0.004568122124942566,3.7861773886750325,-0.007232660867279705
2021-07-28 00:00:00,411.2005920410156,-0.00041018076947529696,3.688015989173525,-0.00021380766462683934
2021-07-29 00:00:00,412.9060363769531,0.004138898321448077,3.6497886768833325,0.0038253720578518722
2021-07-30 00:00:00,410.90081787109375,-0.004868185924154986,3.5855149207221575,-0.006731306487472068
2021-08-02 00:00:00,410.0387268066406,-0.0021002554620196357,3.596431413645969,-0.0012594713279135516
2021-08-03 00:00:00,413.3746337890625,0.008102674533011367,3.725908059013607,0.008777855685576064
2021-08-04 00:00:00,411.3411560058594,-0.0049313519378333505,3.761684625195767,-0.007718672779440437
2021-08-05 00:00:00,413.9461364746094,0.006312926768281085,3.7504050877942556,0.007031568078593055
2021-08-06 00:00:00,414.63018798828125,0.0016511494448644276,3.9204017539199487,-0.0006385311749005566
2021-08-09 00:00:00,414.2928771972656,-0.0008138531156892243,4.055509381306233,-0.0022880838602022087
2021-08-10 00:00:00,414.80816650390625,0.001243007416048482,4.180730293679249,0.0007396355370645043
2021-08-11 00:00:00,415.83892822265625,0.002481829538376269,4.348846317514594,0.0015673356189636167
2021-08-12 00:00:00,417.0852966308594,0.0029927556463840584,4.516963925111415,0.001576336489586931
2021-08-13 00:00:00,417.84429931640625,0.0018181243024788503,4.476397081262993,5.1477389189027e-05
2021-08-16 00:00:00,418.828125,0.002351759442389973,3.547214032830136,0.0008447013142550777
2021-08-17 00:00:00,416.0826416015625,-0.006576734674466426,2.998027589326089,-0.008225519873326996
2021-08-18 00:00:00,411.528564453125,-0.011005465080572511,2.6923017152949544,-0.00957267039840268
2021-08-19 00:00:00,412.1658020019531,0.001547267292118152,2.4114664151044303,0.005511974408783457
2021-08-20 00:00:00,415.4453430175781,0.007925360119596271,2.4167202328418034,0.008532202393133178
2021-08-23 00:00:00,419.099853515625,0.008758144851027383,2.6681035903855093,0.006333383436507486
2021-08-24 00:00:00,419.7652282714844,0.0015863692740201328,2.8537538005955962,-0.0021988887558248983
2021-08-25 00:00:00,420.6459655761719,0.0020959683392234502,3.0351536648727713,0.00014237212805053457
2021-08-26 00:00:00,418.16290283203125,-0.005920466725297015,3.06742310646011,-0.007673595475668439
2021-08-27 00:00:00,421.9016418457031,0.008901134376902221,3.213654084624666,0.010035736572039659
2021-08-30 00:00:00,423.7569580078125,0.004387867962767863,3.3625071728669225,0.0012806936295150129
2021-08-31 00:00:00,423.1291198730469,-0.0014826982428528823,3.570837235482283,-0.004179988969585969
2021-09-01 00:00:00,423.35400390625,0.0005313373230405114,3.576266056915362,-0.00019094704352575745
2021-09-02 00:00:00,424.65655517578125,0.003072019044955765,3.7826443577579494,0.002222072670943548
2021-09-03 00:00:00,424.5533752441406,-0.00024300217991411524,3.9359645195979542,-0.0019238831333704986
2021-09-07 00:00:00,423.0354309082031,-0.0035817980316941193,3.9135005060215855,-0.0043336584465962546
2021-09-08 00:00:00,422.52001953125,-0.0012191073702378938,3.85261757316475,-0.0005431352874369761
2021-09-09 00:00:00,420.7115173339844,-0.004289462362727629,3.768439951364795,-0.003931119373116584
2021-09-10 00:00:00,417.3945007324219,-0.007915547315638838,3.7582458400250993,-0.0064623357172166
2021-09-13 00:00:00,418.4626159667969,0.0025557378035745834,3.7451344280727334,0.005682006953942991
2021-09-14 00:00:00,416.2044982910156,-0.005410835401261449,3.8206655928884645,-0.005301759120581315
2021-09-15 00:00:00,419.680908203125,0.008317958248875807,3.733159637538565,0.010425939225403533
2021-09-16 00:00:00,419.0155944824219,-0.0015865425887167408,3.224861282828715,-0.0037518246714091435
2021-09-17 00:00:00,414.933837890625,-0.009789056813366778,2.9230911377431705,-0.009771714761729413
2021-09-20 00:00:00,408.01519775390625,-0.016814657644072483,3.845757109927485,-0.013474589524452504
2021-09-21 00:00:00,407.62982177734375,-0.0009449601138022963,4.691921786041326,0.005977875289973862
2021-09-22 00:00:00,411.6061096191406,0.009707384440200683,4.985888321438249,0.01248843742520329
2021-09-23 00:00:00,416.607177734375,0.012076910563991992,4.995639303479144,0.010172403513486751
2021-09-24 00:00:00,417.2933654785156,0.0016457307879213753,5.004479930130233,-0.002707981847114632
2021-09-27 00:00:00,416.0995178222656,-0.0028650315998708063,4.979926482147934,-0.004719136637397467
2021-09-28 00:00:00,407.7143859863281,-0.020357562267217463,5.33699123435512,-0.020162073374831495
2021-09-29 00:00:00,408.40057373046875,0.0016815961959008923,5.539814297829356,0.008663416652771129
2021-09-30 00:00:00,403.4090270996094,-0.012297488304701745,6.058182703283314,-0.010710120481524173
2021-10-01 00:00:00,408.2032165527344,0.011814127380039894,5.9286046610485625,0.01708055317288423
2021-10-04 00:00:00,402.93902587890625,-0.012979880238731126,6.0705445055506635,-0.015089261189685992
2021-10-05 00:00:00,407.1315002441406,0.010350979730155148,5.872495529809014,0.014773571108710744
2021-10-06 00:00:00,408.8236083984375,0.004147558026278551,5.534422937107927,0.0021234591419490587
2021-10-07 00:00:00,412.3581237792969,0.008608416552364823,5.205427226246748,0.006950472254125454
2021-10-08 00:00:00,411.6061096191406,-0.0018253568261313961,5.06172683193202,-0.005268844663234268
2021-10-11 00:00:00,408.626220703125,-0.007265995050510743,4.865173587878508,-0.00776655826022277
2021-10-12 00:00:00,407.620361328125,-0.0024645980915466614,4.792990722747124,-0.00030778991956882445
2021-10-13 00:00:00,409.0868835449219,0.003591308396510879,4.357311396163269,0.0050254484883648035
2021-10-14 00:00:00,415.96795654296875,0.016680667065448428,4.097341961910261,0.015986935323192036
2021-10-15 00:00:00,419.1358642578125,0.0075868959800719,4.4288348186591,0.001670344555165306
2021-10-18 00:00:00,420.3767395019531,0.002956182294945928,4.889583086730749,-0.0015929518902239861
2021-10-19 00:00:00,423.6198425292969,0.007685147210897317,5.532912579196322,0.004767013911133957
2021-10-20 00:00:00,425.28375244140625,0.003920143707282906,6.260298856486805,-0.00024332779903734475
2021-10-21 00:00:00,426.3929748535156,0.0026047982849145505,6.909731645013465,-0.0006173304528633104
2021-10-22 00:00:00,425.95123291015625,-0.0010365342519758542,7.417426248025886,-0.0035907235471300016
2021-10-25 00:00:00,428.2354431152344,0.005348282088695243,8.077427594674448,0.004291325652483625
2021-10-26 00:00:00,428.6208801269531,0.0008996538328789838,8.530703760538252,-0.0018619477165982114
2021-10-27 00:00:00,426.7219543457031,-0.004440158552793164,8.744278007651042,-0.0060808280506729345
2021-10-28 00:00:00,430.8393859863281,0.009602725978338012,8.811917507318904,0.010126477794162569
2021-10-29 00:00:00,431.7135925292969,0.002027021792453333,9.073968165951365,-0.0016102653382071871
2021-11-01 00:00:00,432.4562683105469,0.00171881940749781,8.81108533841197,-0.00043676581772850577
2021-11-02 00:00:00,434.2046813964844,0.0040348315186510535,8.80537247673088,0.0022550447373641262
2021-11-03 00:00:00,436.8555908203125,0.006086645648878305,8.925008798289833,0.003631600677030655
2021-11-04 00:00:00,438.914306640625,0.00470150805243454,9.244885897175415,0.0013322490053453298
2021-11-05 00:00:00,440.4372253417969,0.003463734737197471,9.428523328291686,0.00023906051969926423
2021-11-08 00:00:00,440.81317138671875,0.0008532105497458808,9.144655001570225,-0.001978291649490804
2021-11-09 00:00:00,439.3561706542969,-0.0033107312278899312,8.333464607020913,-0.005144326725817055
2021-11-10 00:00:00,435.8215637207031,-0.008077504746778099,7.129541894150865,-0.008117476458546396
2021-11-11 00:00:00,435.96258544921875,0.0003235244180109294,6.449170501175043,0.0026028973600213
2021-11-12 00:00:00,439.2527160644531,0.007518483984749558,6.064259024270331,0.007769999709567257
2021-11-15 00:00:00,439.40313720703125,0.00034238921527130904,5.6286269918375025,-0.002329468293281796
2021-11-16 00:00:00,441.1422119140625,0.003949999781216697,5.4547441595077775,0.0028276263404863303
2021-11-17 00:00:00,440.0705871582031,-0.002432160053156637,5.231770181281707,-0.004512959388638847
2021-11-18 00:00:00,441.56524658203125,0.003390653597726139,5.075969316550423,0.0032550307319876843
2021-11-19 00:00:00,440.77557373046875,-0.0017899501966151493,4.708703846963184,-0.003396518888159207
2021-11-22 00:00:00,439.5347900390625,-0.0028189705906907165,4.391396641990224,-0.0029790167326547295
2021-11-23 00:00:00,440.1175842285156,0.0013250558783737903,4.030853197260046,0.0019404978061111117
2021-11-24 00:00:00,441.2926940917969,0.0026664326215022132,3.3049015110904545,0.0021628553102710406
2021-11-26 00:00:00,431.450439453125,-0.022555713212217533,3.2405156312826744,-0.02379469675835845
2021-11-29 00:00:00,436.7428894042969,0.01219202067851774,2.9175515362830486,0.0195078203081734
2021-11-30 00:00:00,428.2449035644531,-0.019649431656666508,3.43789527634886,-0.02176828556533342
2021-12-01 00:00:00,423.4882507324219,-0.011169466070600409,4.631010465979486,-0.004611538067548082
2021-12-02 00:00:00,429.974609375,0.01520038852467511,4.917460590773855,0.021214995244045694
2021-12-03 00:00:00,426.2331848144531,-0.00873958027515488,5.446913676372962,-0.01165356060220907
2021-12-06 00:00:00,431.2812194824219,0.01177378002410272,5.488430830574394,0.014527363810016316
2021-12-07 00:00:00,440.2022399902344,0.020473898925282716,5.463905060634097,0.01735984959935501
2021-12-08 00:00:00,441.3677978515625,0.0026442789351909797,5.540972238707431,-0.005248161977976611
2021-12-09 00:00:00,438.38787841796875,-0.006774450931014257,5.560491042557466,-0.010325833501757004
2021-12-10 00:00:00,442.51470947265625,0.009369619984106145,5.720236244593589,0.010006689370641518
2021-12-13 00:00:00,438.5947265625,-0.008897893071411854,5.707061608561859,-0.012512860080192643
2021-12-14 00:00:00,435.5771789550781,-0.006903812794076431,5.674570052588502,-0.005219653204384916
2021-12-15 00:00:00,442.3830871582031,0.015504219950335235,5.732265457509272,0.018023387950715397
2021-12-16 00:00:00,438.4819641113281,-0.00885753963507661,5.692971153129001,-0.013613764588615074
2021-12-17 00:00:00,433.8152160644531,-0.01070000609325739,5.591780123332034,-0.009094798332028434
2021-12-20 00:00:00,429.2022399902344,-0.010690444265831283,5.668332608923738,-0.006790598982062165
2021-12-21 00:00:00,436.824462890625,0.017603197916428136,5.600918554850824,0.02251534826668383
2021-12-22 00:00:00,441.192138671875,0.009949041511768586,5.651712885449995,0.005573100663131253
2021-12-23 00:00:00,443.937255859375,0.00620276765370801,5.817414534361668,0.001718282911565873
2021-12-27 00:00:00,450.219970703125,0.014053050299469919,6.556311977090794,0.010297317077216858
2021-12-28 00:00:00,449.8520202636719,-0.000817602288801361,7.180105767586432,-0.007333845003980575
2021-12-29 00:00:00,450.4274597167969,0.0012783575418217773,7.437010562325489,-0.0010245356110241256
2021-12-30 00:00:00,449.1822814941406,-0.0027682648615170316,6.990912729249976,-0.004709500441348348
2021-12-31 00:00:00,448.0503234863281,-0.0025232221880794404,6.870681520528447,-0.002776762426914308
2022-01-03 00:00:00,450.64447021484375,0.005773158922915075,6.4001790014898265,0.00605823685893452
2022-01-04 00:00:00,450.4935302734375,-0.00033499850796674623,6.217481274579805,-0.0026226809625102872
2022-01-05 00:00:00,441.8430480957031,-0.019388991521527052,6.196519486179088,-0.020258689289787045
2022-01-06 00:00:00,441.42791748046875,-0.0009399848109578594,6.195911502779359,0.0051983651172575925
2022-01-07 00:00:00,439.68280029296875,-0.003961180891747106,6.157655485466371,-0.001953602580229058
2022-01-10 00:00:00,439.13568115234375,-0.0012451245003633096,6.207055467366349,0.0010083644885438047
2022-01-11 00:00:00,443.1354675292969,0.009067085068891617,6.1409814060218855,0.010420530289963488
2022-01-12 00:00:00,444.33343505859375,0.0026997413733131762,5.920355091298527,0.00019300266790557054
2022-01-13 00:00:00,438.211181640625,-0.01387431640565453,6.018609765322315,-0.015435313968013209
2022-01-14 00:00:00,438.3904113769531,0.000408919491484428,6.022081700858428,0.004669632138734142
2022-01-18 00:00:00,430.6267395019531,-0.017868182293669845,6.298963323106032,-0.016781742229713934
2022-01-19 00:00:00,426.1551818847656,-0.010438124580288815,6.653845201560652,-0.0036115716627903157
2022-01-20 00:00:00,421.43853759765625,-0.011129608125773283,8.033692360237625,-0.005085363019683468
2022-01-21 00:00:00,413.16546630859375,-0.01982579099641531,10.192562236689282,-0.013379854027181127
2022-01-24 00:00:00,414.9200134277344,0.0042376053865255765,11.574135598443283,0.014011326488241937
2022-01-25 00:00:00,409.8542785644531,-0.012284084538973644,12.897132978951678,-0.00971290212135586
2022-01-26 00:00:00,408.8260498046875,-0.0025119189133767047,13.91966565588863,0.003841154609514645
2022-01-27 00:00:00,406.8072509765625,-0.004950271031788163,14.72512685692826,-0.0011216708340956467
2022-01-28 00:00:00,416.9104919433594,0.024532062699147948,14.611052217139365,0.028539271864469373
2022-01-31 00:00:00,424.4195251464844,0.017850861012154016,14.149030316211634,0.011486920393246409
2022-02-01 00:00:00,427.2872619628906,0.006734119528143783,13.339363687406316,-0.0006918098837254512
2022-02-02 00:00:00,431.4380187988281,0.009667327270766522,12.407648355418615,0.005014158524256152
2022-02-03 00:00:00,421.2970275878906,-0.023785745325594722,12.05631879161321,-0.02902186096509455
2022-02-04 00:00:00,423.2780456542969,0.004691167812545743,11.601096084253928,0.010897380698653349
2022-02-07 00:00:00,421.91961669921875,-0.003214467302224127,11.189597866347448,-0.0033822765778406187
2022-02-08 00:00:00,425.39117431640625,0.008194341626317322,10.717186974297002,0.009458950687097614
2022-02-09 00:00:00,431.6172180175781,0.014529970285847972,9.97841299562657,0.012137203781693424
2022-02-10 00:00:00,423.8629150390625,-0.018129036681082632,8.801680989230682,-0.023862682243250694
2022-02-11 00:00:00,415.50494384765625,-0.019915576592703436,8.182021618644374,-0.015529919419078272
2022-02-14 00:00:00,414.1464538574219,-0.0032748482268590744,7.368344471900716,0.0046783145769767635
2022-02-15 00:00:00,420.8253479003906,0.015998232466999097,6.991031284873282,0.019843254862239305
2022-02-16 00:00:00,421.2970275878906,0.0011202166111590472,6.854385372507568,-0.002608742245743437
2022-02-17 00:00:00,412.2974853515625,-0.02159297300662705,7.026512857107463,-0.02260426814355884
2022-02-18 00:00:00,409.6279602050781,-0.0064958070047357935,7.219408809898466,0.0007896577073819543
2022-02-22 00:00:00,405.2319030761719,-0.010789830193284831,7.784917938801287,-0.006133130551548387
2022-02-23 00:00:00,398.0436706542969,-0.01789777889456902,8.806277539364293,-0.012036445309211089
2022-02-24 00:00:00,404.0339050292969,0.014937073252513514,9.112537460372756,0.02376306010452199
2022-02-25 00:00:00,412.94842529296875,0.021823909158213427,8.837552676643465,0.02027022016344323
2022-02-28 00:00:00,411.89190673828125,-0.0025617542970449696,8.937563937303178,-0.00957712986861229
2022-03-01 00:00:00,405.6186828613281,-0.015347439143275656,9.179243675563587,-0.016182074143305965
2022-03-02 00:00:00,413.08050537109375,0.018228988726774965,8.891415773388555,0.023225417706669207
2022-03-03 00:00:00,411.0239562988281,-0.004991001595031493,8.226726716650363,-0.009748267541797168
2022-03-04 00:00:00,407.6846008300781,-0.008157662353599552,8.25281107911045,-0.007530507694561833
2022-03-07 00:00:00,395.66644287109375,-0.029922297950709435,8.943838228660988,-0.026950966289337835
2022-03-08 00:00:00,392.66656494140625,-0.007610723844198469,9.736429531880741,0.0038967991144454118
2022-03-09 00:00:00,403.1943054199219,0.0264577767141704,9.361647395399745,0.03316075505984546
2022-03-10 00:00:00,401.3736572265625,-0.004525786224509985,8.201303327011685,-0.010574959821307971
2022-03-11 00:00:00,396.2701416015625,-0.012796652530533461,7.900504816449616,-0.012120415204263426
2022-03-14 00:00:00,393.3740234375,-0.007335281581431442,8.260471749054231,-0.0024432495033085214
2022-03-15 00:00:00,402.0245361328125,0.02175224905425005,8.121829616896242,0.026188953109121803
2022-03-16 00:00:00,410.9391174316406,0.021931948841059645,7.473938723061679,0.01635235975092388
2022-03-17 00:00:00,416.080322265625,0.012433253238791166,6.990489845479778,0.003646274151213302
2022-03-18 00:00:00,420.6375427246094,0.010893195217983865,7.624232511718939,0.003728805064353681
2022-03-21 00:00:00,420.51458740234375,-0.0002923497872443061,8.256854417383046,-0.006942883895237596
2022-03-22 00:00:00,425.43524169921875,0.0116335735862003,9.261745141156972,0.008869718492531719
2022-03-23 00:00:00,419.956298828125,-0.012962087554923897,9.417423488963188,-0.018742179234053337
2022-03-24 00:00:00,426.2868347167969,0.014961785167412752,10.143598794020651,0.01699820191171687
2022-03-25 00:00:00,428.3686218261719,0.004871650232116577,10.94357012277956,-0.000481973187419495
2022-03-28 00:00:00,431.4156494140625,0.00708791832168418,11.88938623106907,0.003350701861183791
2022-03-29 00:00:00,436.75262451171875,0.012294949005717933,13.053553976362684,0.007993178969636115
2022-03-30 00:00:00,434.05572509765625,-0.006194033480995117,13.864452442054109,-0.01252170950266284
2022-03-31 00:00:00,427.37506103515625,-0.015510933926995932,14.162265911614146,-0.016091313646898947
2022-04-01 00:00:00,428.5862731933594,0.0028300646727337465,14.389883016340885,0.0071874472026574755
2022-04-04 00:00:00,432.2578430175781,0.0085302135854619,14.068263956534691,0.008385132151625119
2022-04-05 00:00:00,426.79779052734375,-0.012711926451283563,12.996411905122637,-0.015820424692774303
2022-04-06 00:00:00,422.5301208496094,-0.010049606372604616,12.487599441230389,-0.0067562255688790405
2022-04-07 00:00:00,424.6591796875,0.005026180851552828,11.755969191175403,0.009254048236987934
2022-04-08 00:00:00,423.5237121582031,-0.0026774136062329107,10.271209223253184,-0.003053065050263257
2022-04-11 00:00:00,416.28472900390625,-0.017240032596407974,7.96999788242055,-0.016167598148171765
2022-04-12 00:00:00,414.7423400878906,-0.003712010702014616,6.603527000160272,0.0027337856127853184
2022-04-13 00:00:00,419.49261474609375,0.011388460701497594,5.9667618530395,0.014884002510869576
2022-04-14 00:00:00,414.2691345214844,-0.012530074858340437,6.110247753542037,-0.014866882456328594
2022-04-18 00:00:00,414.439453125,0.0004110458331255508,6.455699048683279,0.004545373908590999
2022-04-19 00:00:00,421.12969970703125,0.01601396971954351,6.438618935511336,0.017325637243203348
2022-04-20 00:00:00,420.8173522949219,-0.0007419645349334143,6.480661340146692,-0.005516795330413821
2022-04-21 00:00:00,414.524658203125,-0.015066435179200425,6.7600550425663615,-0.016042706317110425
2022-04-22 00:00:00,403.1504211425781,-0.027822716075936296,8.101747115148797,-0.02301032786822313
2022-04-25 00:00:00,405.48779296875,0.005781023688976269,8.813059168347229,0.016973828582557537
2022-04-26 00:00:00,393.74456787109375,-0.02938837528770361,10.399816105254912,-0.02746722508666002
2022-04-27 00:00:00,394.8515930175781,0.0028075862616871745,10.964926931246968,0.01470102538140209
2022-04-28 00:00:00,404.8254089355469,0.024945904689480738,10.621619311856753,0.028481644308953037
2022-04-29 00:00:00,389.86474609375,-0.037656011027761165,11.731952907475995,-0.04395775010210151
2022-05-02 00:00:00,392.2115783691406,0.0060015608352763945,12.186764150335035,0.01812707205389458
2022-05-03 00:00:00,394.00946044921875,0.004573485381675188,11.93149894862592,0.006585414231063329
2022-05-04 00:00:00,406.0081481933594,0.02999830854001523,11.364377346200081,0.030162670463466622
2022-05-05 00:00:00,391.5775451660156,-0.03618966108106999,11.593668116723038,-0.045831707625451336
2022-05-06 00:00:00,389.240234375,-0.00598684567250939,11.615876143456354,0.00409361946651425
2022-05-09 00:00:00,376.7778015136719,-0.03254109430205443,12.561408678508903,-0.027466815893327293
2022-05-10 00:00:00,377.64837646484375,0.002307913916583776,13.443920218055544,0.01606539029798512
2022-05-11 00:00:00,371.6490478515625,-0.016013552484291784,14.6212615784207,-0.01156043596496155
2022-05-12 00:00:00,371.2610168457031,-0.0010446245368980255,15.140399086362521,0.007501769691507013
2022-05-13 00:00:00,380.1370849609375,0.023626572881160268,15.06332790487172,0.027954112678234225
2022-05-16 00:00:00,378.5946044921875,-0.00406595009858816,14.854213698289923,-0.009531032488871875
2022-05-17 00:00:00,386.3824768066406,0.02036176396628344,13.53872735755979,0.021211594614847517
2022-05-18 00:00:00,370.8068542480469,-0.04114643288278244,12.596472499725097,-0.04758535693805184
2022-05-19 00:00:00,368.5357360839844,-0.006143634459115845,12.028305900358529,0.006648892336049731
2022-05-20 00:00:00,368.6966247558594,0.000436466663633369,12.107298110830865,0.0066781090056773455
2022-05-23 00:00:00,375.5950012207031,0.018537287709007946,11.385426781209338,0.021462488152752826
2022-05-24 00:00:00,372.7278137207031,-0.00766300712271054,11.418539529589152,-0.012119620504416458
2022-05-25 00:00:00,376.0207824707031,0.008795983052126123,11.18217026002105,0.010931353724874278
2022-05-26 00:00:00,383.5342712402344,0.01978456680497728,9.912064000850034,0.017698873383040728
2022-05-27 00:00:00,392.9495849609375,0.024252339902340703,10.070547866921219,0.01712788143794374
2022-05-31 00:00:00,390.7447814941406,-0.005626706987170089,9.995280150213114,-0.016217603127077103
2022-06-01 00:00:00,387.5842590332031,-0.008121346288536033,9.674751393585597,-0.009879991225800664
2022-06-02 00:00:00,394.9652099609375,0.018864417151437222,8.460622558600566,0.020323167257656923
2022-06-03 00:00:00,388.48321533203125,-0.016547719878102798,8.278796026618762,-0.023148355282634574
2022-06-06 00:00:00,389.6660461425781,0.003040115258380464,8.302744444948699,0.006567068670309399
2022-06-07 00:00:00,393.40380859375,0.009546506778459241,8.745226881850762,0.009083142003176064
2022-06-08 00:00:00,389.1267395019531,-0.010931488089978897,8.883993540663749,-0.014437491285604443
2022-06-09 00:00:00,379.8721923828125,-0.024070238730552484,8.602392254029487,-0.021443093572256218
2022-06-10 00:00:00,368.8574523925781,-0.029424598786921125,8.766173087907644,-0.02044006863946119
2022-06-13 00:00:00,354.8526611328125,-0.03870759726485861,10.559534347577369,-0.025445029369599453
2022-06-14 00:00:00,353.7833251953125,-0.003018014240860904,12.068387177133229,0.015502857111537878
2022-06-15 00:00:00,358.8269958496094,0.014155716603504067,12.738836570886614,0.022525842830966387
2022-06-16 00:00:00,346.9512023925781,-0.03365622367579463,14.365035731633807,-0.03383895050793219
2022-06-17 00:00:00,347.69915771484375,0.0021534736157058252,15.624059109824902,0.015617317064841395
2022-06-21 00:00:00,356.4520263671875,0.024862045841305865,16.11921659151131,0.029536111655215313
2022-06-22 00:00:00,355.80584716796875,-0.001814453445893227,16.657149614858348,-0.007267119803774123
2022-06-23 00:00:00,359.2936096191406,0.00975469936184021,16.96753960654574,0.01003545312681861
2022-06-24 00:00:00,370.7168884277344,0.031298759006847685,16.966636596420866,0.02853417849960467
2022-06-27 00:00:00,369.30096435546875,-0.0038267341654713138,16.815168820587466,-0.01513441993754994
2022-06-28 00:00:00,361.75506591796875,-0.020644563828262227,16.28118517783914,-0.022712439382750617
2022-06-29 00:00:00,361.46044921875,-0.0008147411369081037,15.739067952613675,0.005203448887672079
2022-06-30 00:00:00,358.52386474609375,-0.00815740204286608,15.33338470614292,-0.0061960506542677405
2022-07-01 00:00:00,362.3157958984375,0.010520969743944989,14.059655859260701,0.014379910672764817
2022-07-05 00:00:00,363.00006103515625,0.0018868065083052293,13.120074615346892,-0.00016338674118097376
2022-07-06 00:00:00,364.2259521484375,0.0033714203073846754,11.846489312122728,0.0025971588154378522
2022-07-07 00:00:00,369.6809997558594,0.014866048226994489,9.842204544088661,0.013636459878269948
2022-07-08 00:00:00,369.3769226074219,-0.0008228777647721977,7.940799001961346,-0.006292291674272645
2022-07-11 00:00:00,365.1573486328125,-0.011489240341708973,6.819775960953758,-0.012921738720173801
2022-07-12 00:00:00,361.9261169433594,-0.008888258680033175,6.578533051348339,-0.0056257221298186165
2022-07-13 00:00:00,360.0253601074219,-0.005265620441747828,6.44967143721203,-0.0012848458626835311
2022-07-14 00:00:00,359.1511535644531,-0.0024311332668021475,6.260432581509898,0.0008693506127386711
2022-07-15 00:00:00,366.01263427734375,0.018924512243943818,6.3265338367690545,0.021237917305560405
2022-07-18 00:00:00,362.9905090332031,-0.008291164680022226,5.385471497886426,-0.013697180891494
2022-07-19 00:00:00,372.7982177734375,0.026660614140358908,4.7351360752054275,0.02825290331420472
2022-07-20 00:00:00,375.17413330078125,0.006352971510165921,5.087103441991826,-0.002557160203631335
2022-07-21 00:00:00,378.99462890625,0.010131759571162557,5.604577412923074,0.005167647783207633
2022-07-22 00:00:00,375.4782409667969,-0.009321510531586428,5.8014259065258935,-0.015008414014067845
2022-07-25 00:00:00,375.9344482421875,0.0012142657104316766,6.099204076770366,0.0020440722598366956
2022-07-26 00:00:00,371.48675537109375,-0.01190157664743562,6.164704716696143,-0.012751596110029895
2022-07-27 00:00:00,381.1329345703125,0.02563501214315947,6.790831596320003,0.029214098448170793
2022-07-28 00:00:00,385.9132080078125,0.012464270556393812,7.69132616802408,0.004389207101768818
2022-07-29 00:00:00,391.5393981933594,0.014473649860892562,8.74419006568656,0.007564723140298455
2022-08-01 00:00:00,390.3798522949219,-0.0029658989664577222,9.517270205995722,-0.010866258515075342
2022-08-02 00:00:00,387.804443359375,-0.006619044749906477,9.87078397350261,-0.008946782440126451
2022-08-03 00:00:00,393.8772277832031,0.015538055521792027,10.602342478363639,0.016077227090220303
2022-08-04 00:00:00,393.6112060546875,-0.0006756206877560243,11.29160501555847,-0.006696585497094163
2022-08-05 00:00:00,392.9459228515625,-0.0016916339254324272,11.765293280263974,-0.0038578266371397576
2022-08-08 00:00:00,392.4896545410156,-0.0011618224969776759,11.883585587471376,-0.0020306721854665135
2022-08-09 00:00:00,390.93121337890625,-0.0039785593711639975,11.539361876233764,-0.004467120795073296
2022-08-10 00:00:00,399.142333984375,0.020786460409236457,11.312098319024972,0.02155722645979584
2022-08-11 00:00:00,399.142333984375,0.0,10.630009539990327,-0.007382948151842147
2022-08-12 00:00:00,405.8993835449219,0.016787225051488167,10.828872875165347,0.014178120184907557
2022-08-15 00:00:00,407.57196044921875,0.004112202042796357,10.469556754068389,-0.0033267914507725685
2022-08-16 00:00:00,408.37030029296875,0.0019568543925627233,10.735045072321082,-0.00251671755697162
2022-08-17 00:00:00,405.47161865234375,-0.007123481429726873,10.68900780607953,-0.0101948889267319
2022-08-18 00:00:00,406.6501159667969,0.002902269675689059,10.782405840581887,0.0035138966976251767
2022-08-19 00:00:00,401.1855163574219,-0.013529195156588113,10.156329474699865,-0.01512530910067801
2022-08-22 00:00:00,392.8318786621094,-0.021042223954782478,9.276972104392895,-0.01729040597177773
2022-08-23 00:00:00,391.88153076171875,-0.0024221540083426154,7.617770697557748,0.005684061658100975
2022-08-24 00:00:00,393.1359558105469,0.0031959189139071087,6.863133494489096,0.006597542237964884
2022-08-25 00:00:00,398.68609619140625,0.014018885338083872,6.424965278156488,0.014456813204528792
2022-08-26 00:00:00,385.1910095214844,-0.0344350410370632,6.839133464089942,-0.03879447004809629
2022-08-29 00:00:00,382.6439514160156,-0.006634413845505983,7.391163984977801,0.004205359447795268
2022-08-30 00:00:00,378.443359375,-0.011038509339002823,8.17964575441848,-0.005416441738099503
2022-08-31 00:00:00,375.563720703125,-0.007638264277692853,9.313125299185712,-0.0012634387849313772
2022-09-01 00:00:00,376.7422790527344,0.003133191318797361,10.13630012354829,0.008608167146842456
2022-09-02 00:00:00,372.7696838378906,-0.010600584413056656,11.167094074877463,-0.009068351505161032
2022-09-06 00:00:00,371.36322021484375,-0.0037801454288383203,12.144289684688887,0.0013045139668395331
2022-09-07 00:00:00,378.0347900390625,0.017805614626205973,12.529783655190052,0.021414856829679647
2022-09-08 00:00:00,380.50567626953125,0.006514866588215099,12.62211745173102,0.002234621767558266
2022-09-09 00:00:00,386.4168395996094,0.015415587020058491,12.495788908868382,0.012490270726677405
2022-09-12 00:00:00,390.57000732421875,0.010690547196974938,11.953445204011457,0.004515973824278032
2022-09-13 00:00:00,373.5870361328125,-0.044456223436060975,11.632463823371838,-0.050222829094580035
2022-09-14 00:00:00,375.0125732421875,0.0038085481601770475,10.888440008610822,0.017104071329140286
2022-09-15 00:00:00,370.75494384765625,-0.011418238404453452,10.374646552245927,-0.009010614648101963
2022-09-16 00:00:00,367.9264831542969,-0.00765817147551499,9.567260043218731,-0.0021846181215278322
2022-09-19 00:00:00,370.77978515625,0.007725171192807762,8.809382585352296,0.01266990903052511
2022-09-20 00:00:00,366.52374267578125,-0.01154501393999619,8.855034545142892,-0.01195972331214033
2022-09-21 00:00:00,360.1301574707031,-0.017597786790048586,9.297054756211693,-0.012924573505138688
2022-09-22 00:00:00,357.1051025390625,-0.008435371314613844,9.624161322924795,-0.00034674960307178385
2022-09-23 00:00:00,351.1219482421875,-0.01689654930719938,9.585633449506224,-0.010673333958898728
2022-09-26 00:00:00,347.6483154296875,-0.009942213074595902,10.731491733957638,-0.0010107146598383847
2022-09-27 00:00:00,346.7609558105469,-0.00255572654021683,11.704327975112978,0.0048871740710083175
2022-09-28 00:00:00,353.5839538574219,0.019485295970978814,12.044823894530188,0.024088273411519277
2022-09-29 00:00:00,346.1978759765625,-0.021110442897706166,12.873317868190876,-0.025106130328796515
2022-09-30 00:00:00,340.844482421875,-0.015584197497542697,13.877867210186784,-0.00834109370744323
2022-10-03 00:00:00,349.84320068359375,0.02605874607940751,14.164204235651239,0.03433812638005502
2022-10-04 00:00:00,360.6837463378906,0.030516469396773594,14.086523341907943,0.02503086931969586
2022-10-05 00:00:00,359.8439025878906,-0.0023311919579858697,13.714040565076417,-0.013571415730249876
2022-10-06 00:00:00,356.1318054199219,-0.010369431220529904,13.157468477129171,-0.012824810779394161
2022-10-07 00:00:00,346.1978759765625,-0.0282903948001227,12.248891658587745,-0.02590708866946687
2022-10-10 00:00:00,343.5545654296875,-0.007664557103054713,10.452183760090204,0.0027619396504753747
2022-10-11 00:00:00,341.3788757324219,-0.006353017342208633,10.284980149571737,-0.00018035320669795244
2022-10-12 00:00:00,340.25286865234375,-0.003303860518814071,9.782574710546314,0.0017809320049031966
2022-10-13 00:00:00,349.2324523925781,0.026048680679031867,9.019225451368321,0.029786145922008334
2022-10-14 00:00:00,341.27386474609375,-0.023052475812732436,8.645126866898984,-0.03001229152175682
2022-10-17 00:00:00,350.0435791015625,0.025372381075433416,7.422222803323481,0.032045029468421964
2022-10-18 00:00:00,354.1564636230469,0.01168114467046805,6.514265841461274,0.005039410267884516
2022-10-19 00:00:00,351.6466979980469,-0.0071118304358344505,6.090160062329157,-0.01267836837478879
2022-10-20 00:00:00,348.6980895996094,-0.008420497655354504,5.826546791434685,-0.007770925414966555
2022-10-21 00:00:00,357.17193603515625,0.024010804354367154,6.0826306650363655,0.026866724479903823
2022-10-24 00:00:00,361.5424499511719,0.012162182570685754,6.628168409396666,0.004662237466145754
2022-10-25 00:00:00,367.3157958984375,0.01584249538619977,7.579071964546625,0.009400209945558312
2022-10-26 00:00:00,364.5484313964844,-0.007562543947378808,8.12454138119593,-0.015587615338061054
2022-10-27 00:00:00,362.6017150878906,-0.005354385112737458,8.369372156924998,-0.005922163163685341
2022-10-28 00:00:00,371.22821044921875,0.02351196772008254,8.885077897496023,0.024335669660278794
2022-10-31 00:00:00,368.54681396484375,-0.007249253187870717,9.382682709309792,-0.01570340948543702
2022-11-01 00:00:00,366.93408203125,-0.004385523885540507,9.67297135840246,-0.004843712029856137
2022-11-02 00:00:00,357.7254333496094,-0.025416472731973422,9.632120861616801,-0.02483671581375564
2022-11-03 00:00:00,354.0419616699219,-0.010350304296679637,9.63071016080583,-0.0017615821643322885
2022-11-04 00:00:00,359.13775634765625,0.014290595402827604,9.457145175050735,0.020422932507493885
2022-11-07 00:00:00,362.5730285644531,0.009519874811075774,9.154338693197227,0.006933622108695915
2022-11-08 00:00:00,364.52935791015625,0.0053811790550883296,8.616688346113028,0.001793524951566388
2022-11-09 00:00:00,357.01922607421875,-0.020817456289526925,7.642942940006702,-0.0237722111574246
2022-11-10 00:00:00,376.6390075683594,0.0534975542284601,8.288429350918634,0.05964644588127375
2022-11-11 00:00:00,380.28424072265625,0.009631785900534545,8.273141906376505,-0.0073827921389870346
2022-11-14 00:00:00,377.0492858886719,-0.008543064304617438,8.44310857964469,-0.017136587639874516
2022-11-15 00:00:00,380.2651672363281,0.00849290717838081,8.951719065326424,0.007597199654118914
2022-11-16 00:00:00,377.3642578125,-0.007657895811580823,8.86331441915274,-0.012083946855272535
2022-11-17 00:00:00,376.2095031738281,-0.00306474456066971,8.219980494962563,-0.0025425194394692475
2022-11-18 00:00:00,377.9176940917969,0.004530253903117497,8.206060949315598,0.0049827971131097964
2022-11-21 00:00:00,376.5435485839844,-0.0036427239720098546,8.251117613559249,-0.005545034469269799
2022-11-22 00:00:00,381.6106872558594,0.013367238176866683,8.688426760119057,0.013719313664981856
2022-11-23 00:00:00,384.01544189453125,0.006281819428554794,9.142252940148362,0.0013317872831024096
2022-11-25 00:00:00,383.9295654296875,-0.0002236526427874177,9.38635295810346,-0.004276057478312002
2022-11-28 00:00:00,377.80316162109375,-0.016085788866274906,9.479513238198294,-0.017878665878760372
2022-11-29 00:00:00,377.15435791015625,-0.001718782458291689,9.508001920607445,0.002689308245803797
2022-11-30 00:00:00,389.0348815917969,0.031014468421282707,10.07177332711653,0.03251207371555814
2022-12-01 00:00:00,388.74859619140625,-0.0007361570964078424,9.903897834841166,-0.011148409138642276
2022-12-02 00:00:00,388.3000793457031,-0.0011544113248847009,9.03965401623527,-0.004290585212213666
2022-12-05 00:00:00,381.3149108886719,-0.018152869580830906,8.117448530669618,-0.019600478685262945
2022-12-06 00:00:00,375.8182678222656,-0.01451987520976657,7.342001928246526,-0.009321202172105225
2022-12-07 00:00:00,375.178955078125,-0.0017025706063341893,6.658181591867133,0.004526488975128911
2022-12-08 00:00:00,378.1181335449219,0.007803543718275882,4.343668895961148,0.010445100481475558
2022-12-09 00:00:00,375.29345703125,-0.007498397380673321,4.407708804006613,-0.008999077644347831
2022-12-12 00:00:00,380.7041320800781,0.014314245210952353,4.409546897920306,0.01677460774361458
2022-12-13 00:00:00,383.5860290527344,0.007541404502263704,4.412179953801974,0.0033582199039559656
2022-12-14 00:00:00,381.1335144042969,-0.006414176485464781,4.414463215399631,-0.010221675573362059
2022-12-15 00:00:00,371.8103942871094,-0.024765713688220385,4.763198319816971,-0.02398389792341392
2022-12-16 00:00:00,367.420654296875,-0.011876642892521938,5.46573236541863,-0.0033334886413880216
2022-12-19 00:00:00,364.3051452636719,-0.008515561052393728,6.418722072925728,-0.0017277883455295313
2022-12-20 00:00:00,364.80364990234375,0.001367435750756709,7.123033267256406,0.007076013908400972
2022-12-21 00:00:00,370.25836181640625,0.014841773772181587,7.302916866125074,0.01694361267975877
2022-12-22 00:00:00,364.9761962890625,-0.01436890132760952,7.679669282342455,-0.018090271365847767
2022-12-23 00:00:00,367.07568359375,0.0057359133105088,7.79518622823967,0.01016002601460317
2022-12-27 00:00:00,365.6280822753906,-0.003951401014461582,8.110697245090309,-0.004418088418077942
2022-12-28 00:00:00,361.08404541015625,-0.012505904098792592,8.685921174113563,-0.01082330384689775
2022-12-29 00:00:00,367.5837097167969,0.017840330250209806,8.161868875385183,0.02300492396080867
2022-12-30 00:00:00,366.615478515625,-0.0026375179324144545,7.515515610817416,-0.006900997019600828
2023-01-03 00:00:00,365.07208251953125,-0.004218735884996126,6.747434269558786,-0.004089827923107567
2023-01-04 00:00:00,367.89056396484375,0.007690692972748311,6.3846036058413835,0.009247690699291097
2023-01-05 00:00:00,363.6915588378906,-0.011479370822851963,6.446954142997186,-0.013553797838610278
2023-01-06 00:00:00,372.0318298339844,0.02267327209319592,6.359157358123333,0.026238008052459464
2023-01-09 00:00:00,371.8209228515625,-0.0005670664988792922,6.097659097075714,-0.007340989402661025
2023-01-10 00:00:00,374.4284362792969,0.006988345136224831,6.060353978348248,0.005290287235413442
2023-01-11 00:00:00,379.1641845703125,0.012568622627436262,5.927051818423269,0.009261835812746174
2023-01-12 00:00:00,380.54461669921875,0.003634112559585271,5.5938333556291795,-0.0020798928577653894
2023-01-13 00:00:00,382.0208740234375,0.0038718226470884675,5.689682799980048,0.00038022344941507705
2023-01-17 00:00:00,381.32110595703125,-0.001833433194504358,6.2410516024789695,-0.0049278682762253605
2023-01-18 00:00:00,375.3008117675781,-0.015913948837760903,6.321148530439352,-0.016854458638947942
2023-01-19 00:00:00,372.5686950683594,-0.007306432013873022,6.185664754236354,-0.0025951671273388684
2023-01-20 00:00:00,379.5092468261719,0.01845752524428965,6.314456760820062,0.022126279676672692
2023-01-23 00:00:00,384.0628662109375,0.011927290926812871,6.878060386317006,0.006723636131213301
2023-01-24 00:00:00,383.650634765625,-0.0010739201131858176,7.1086425953961605,-0.006710637025651678
2023-01-25 00:00:00,383.7944641113281,0.00037482641454754346,7.335944969601959,-0.001387090186693572
2023-01-26 00:00:00,388.0125427246094,0.01093050613021558,7.689248472981918,0.009651448631692316
2023-01-27 00:00:00,388.904052734375,0.002294996416026177,7.559738254790621,-0.0024005725720218436
2023-01-30 00:00:00,384.0245361328125,-0.012626215400971875,7.449506702387011,-0.01533709434541375
2023-01-31 00:00:00,389.67095947265625,0.014596242628375953,7.5027586064951235,0.01754425661478201
2023-02-01 00:00:00,393.8122253417969,0.010571520914063935,7.569383755465525,0.005867579426929332
2023-02-02 00:00:00,399.5450744628906,0.014452375764944183,8.194912060730097,0.009093029412964467
2023-02-03 00:00:00,395.2982482910156,-0.010686047080929007,7.6587706984570945,-0.017971673314366388
2023-02-06 00:00:00,392.88238525390625,-0.006130246037383501,7.5160824405787645,-0.005472815744872778
2023-02-07 00:00:00,398.0207824707031,0.01299392826951341,7.559358648761652,0.014390794561487045
2023-02-08 00:00:00,393.6684875488281,-0.010995068224120049,7.3320429434506655,-0.015622922042667367
2023-02-09 00:00:00,390.2557373046875,-0.008706892059094251,7.190276464773623,-0.006654154608963686
2023-02-10 00:00:00,391.1664733886719,0.0023309716153179882,7.0970918146730915,0.005454321223190344
2023-02-13 00:00:00,395.75836181640625,0.011670595058599903,7.209597297303377,0.011627480070666081
2023-02-14 00:00:00,395.57623291015625,-0.00046030822026374337,7.2126521509096655,-0.004562918140365854
2023-02-15 00:00:00,396.8607482910156,0.003241939829592839,6.71218331745054,0.001974510938245762
2023-02-16 00:00:00,391.3965148925781,-0.013864308470985864,5.417616945505193,-0.015829868272442062
2023-02-17 00:00:00,390.418701171875,-0.0025013947297460918,4.763749231899052,0.0013477553153902022
2023-02-21 00:00:00,382.5865478515625,-0.020264859418918597,4.885798087893114,-0.018539630682395773
2023-02-22 00:00:00,382.0592956542969,-0.001379075778169668,5.020263271077734,0.006287956738944903
2023-02-23 00:00:00,384.09161376953125,0.005305280871006199,4.998760802376831,0.008322625752429914
2023-02-24 00:00:00,379.9885559082031,-0.010739965421565665,5.532075594808552,-0.011098163433691834
2023-02-27 00:00:00,381.28277587890625,0.0034001575090063818,5.8997666445153,0.007491661390559273
2023-02-28 00:00:00,379.8736267089844,-0.0037026576273813607,6.187053507126152,-0.0033520789495446956
2023-03-01 00:00:00,378.41644287109375,-0.0038433462076239,6.701014336775657,-0.0020132191499320157
2023-03-02 00:00:00,381.3595275878906,0.0077472822295935,6.861759709632733,0.009930962024220545
2023-03-03 00:00:00,387.47564697265625,0.015910428156813615,6.427002815400941,0.014176548395128911
2023-03-06 00:00:00,387.744140625,0.0006926904276051289,6.23076356280055,-0.005128403353473773
2023-03-07 00:00:00,381.8004150390625,-0.015447692374014409,6.268504804521132,-0.017534019787897065
2023-03-08 00:00:00,382.423583984375,0.001630854524925538,5.867246338743064,0.005983073095327636
2023-03-09 00:00:00,375.367919921875,-0.01862218809618441,6.131780174486019,-0.018092902596800794
2023-03-10 00:00:00,369.9515686035156,-0.014534563374119736,6.937159188431624,-0.0077130337307313
2023-03-13 00:00:00,369.4242858886719,-0.0014262916513383505,7.529460438546296,0.0059634419810871715
2023-03-14 00:00:00,375.53094482421875,0.016395067707242528,7.1917911266214825,0.019834026128001774
2023-03-15 00:00:00,373.1822509765625,-0.00627396863061826,6.831259864499557,-0.01009120346789378
2023-03-16 00:00:00,379.7297668457031,0.01739295103099869,5.86491985476416,0.019026703671837186
2023-03-17 00:00:00,375.28973388671875,-0.011761508512507636,5.431378924071295,-0.017183283070224944
2023-03-20 00:00:00,378.8983154296875,0.009569520716760122,4.8668203937145105,0.01219253409851467
2023-03-21 00:00:00,383.8734436035156,0.013045052252071204,4.917771953803247,0.010344668472339967
2023-03-22 00:00:00,377.32977294921875,-0.017193389913563416,4.897313048417975,-0.02250052077341669
2023-03-23 00:00:00,378.3498229980469,0.0026996909109022974,4.765844853131401,0.006878384064253973
2023-03-24 00:00:00,380.8326110839844,0.006540712286797156,4.779328754448287,0.0065440353508188385
2023-03-27 00:00:00,381.5447082519531,0.001868096956708889,4.78617550541643,-0.00031271795852341375
2023-03-28 00:00:00,380.6882629394531,-0.0022472018537220955,4.797571299707606,-0.0035749272450095273
2023-03-29 00:00:00,386.22149658203125,0.014430197527832148,5.048323816018859,0.01463174482025876
2023-03-30 00:00:00,388.48297119140625,0.005838306417816468,5.415414471897717,0.000675866010957869
2023-03-31 00:00:00,393.95843505859375,0.013996072307935084,6.029856543056502,0.010197726776868827
2023-04-03 00:00:00,395.4596862792969,0.0038034420287645916,6.718464498746673,-0.0027571343808596945
2023-04-04 00:00:00,393.2655944824219,-0.0055636544436834445,7.277895762638535,-0.009528689332751234
2023-04-05 00:00:00,392.23590087890625,-0.002621749797810353,7.677731765933599,-0.0027388341452822852
2023-04-06 00:00:00,393.7659606933594,0.0038932776674674378,7.986181911155674,0.004069430691542516
2023-04-10 00:00:00,394.1700744628906,0.0010257528198569983,7.841520318151486,-0.0007111783912231292
2023-04-11 00:00:00,394.27606201171875,0.00026885171875009884,7.454374821011755,-0.0009475671527948886
2023-04-12 00:00:00,392.6689758300781,-0.004084372703279334,7.3171476581303105,-0.004920373485327523
2023-04-13 00:00:00,397.8846435546875,0.013195166709868195,7.181647202248774,0.014020983117755464
2023-04-14 00:00:00,396.9126892089844,-0.0024457928836644437,7.293862632743993,-0.00708978244327259
2023-04-17 00:00:00,398.3369445800781,0.003581911473720227,7.041728489520918,0.0027798697986933553
2023-04-18 00:00:00,398.5967712402344,0.0006520659477812085,6.942741346778399,-0.0013392658889218104
2023-04-19 00:00:00,398.5294189453125,-0.0001689877861533051,7.036291364079884,-0.0013855469271591954
2023-04-20 00:00:00,396.3545837402344,-0.0054720956130345265,6.4274131087915425,-0.006187014306543757
2023-04-21 00:00:00,396.66253662109375,0.0007766614072566254,5.7382324946845795,0.0021174893345871967
2023-04-24 00:00:00,397.0763244628906,0.0010426297604143769,5.141935989580932,0.0009088764749256244
2023-04-25 00:00:00,390.773193359375,-0.016001191717914233,4.425618300540454,-0.01652822415114294
2023-04-26 00:00:00,389.11798095703125,-0.004244732963062099,3.4489302590740056,0.0010663600022057526
2023-04-27 00:00:00,396.8646545410156,0.01971271142586587,2.9570587448914796,0.02277717506888248
2023-04-28 00:00:00,400.2519226074219,0.008498853372674434,2.8150579640023654,0.002866811495467715
2023-05-01 00:00:00,399.8476867675781,-0.0010104638710035283,2.9576509406206726,-0.005505820518916057
2023-05-02 00:00:00,395.353759765625,-0.011302733071490172,2.958086427999212,-0.012688310274930493
2023-05-03 00:00:00,392.6400146484375,-0.0068877596090518205,2.986278308511531,-0.003848923879046502
2023-05-04 00:00:00,389.8590393066406,-0.007107962716026905,3.1606347386972233,-0.004066043577893181
2023-05-05 00:00:00,397.0763244628906,0.01834327915000834,3.1523087620639996,0.02181136224614498
2023-05-08 00:00:00,397.1821594238281,0.0002665000468008727,3.14935171061901,-0.004855156923469963
2023-05-09 00:00:00,395.4403991699219,-0.004394936880353414,3.131106280893551,-0.005844338469760964
2023-05-10 00:00:00,397.2879638671875,0.004661289109048005,3.0558139376896714,0.005490824232915093
2023-05-11 00:00:00,396.5951843261719,-0.0017452939225266644,3.031034607843111,-0.0033396951669709476
2023-05-12 00:00:00,396.0754699707031,-0.0013112997866706806,3.024439240209331,-0.0013018075888784337
2023-05-15 00:00:00,397.44195556640625,0.003444125869193695,2.9959604373264845,0.003711045991703336
2023-05-16 00:00:00,394.7859802246094,-0.006705103853328658,2.942358209017188,-0.007948996072922572
2023-05-17 00:00:00,399.5782775878906,0.012065889059911407,3.0000188139133286,0.013938260936843588
2023-05-18 00:00:00,403.4275207519531,0.00958716027988514,3.429174256865354,0.005807828049622401
2023-05-19 00:00:00,402.8405456542969,-0.0014560298883537041,3.725372513741701,-0.006010725649940773
2023-05-22 00:00:00,403.0041198730469,0.0004059696067839904,3.987914168231411,-0.0008606897974764679
2023-05-23 00:00:00,398.48126220703125,-0.011286308590174616,3.7552041698480734,-0.012349118900467278
2023-05-24 00:00:00,395.5943908691406,-0.0072710554601397885,3.299560408132672,-0.0040429309872264995
2023-05-25 00:00:00,399.0202331542969,0.008622704409908139,3.3128322335460996,0.011891089964565501
2023-05-26 00:00:00,404.1877136230469,0.012867282467232805,3.5719240839040656,0.010921878583716436
2023-05-30 00:00:00,404.3417053222656,0.0003809179912875713,3.8268116133477004,-0.004567704856143105
2023-05-31 00:00:00,402.0995788574219,-0.0055605591777213486,3.8747517616070217,-0.007396080622405848
2023-06-01 00:00:00,405.9198913574219,0.00945606166077789,3.976235178838014,0.010389371579174932
2023-06-02 00:00:00,411.78997802734375,0.014357629101475549,4.31080779594212,0.010984735419160487
2023-06-05 00:00:00,411.0008544921875,-0.0019181637566258853,4.854971869446063,-0.00819714414463122
2023-06-06 00:00:00,411.8958740234375,0.002175290903859306,5.340786297936892,0.00043364962926803127
2023-06-07 00:00:00,410.4716491699219,-0.003463722088386166,5.485156753398811,-0.005478207687601607
2023-06-08 00:00:00,412.9543762207031,0.006030255293631388,5.822854644100905,0.006065044283910196
2023-06-09 00:00:00,413.6953430175781,0.001792698837420878,6.059226054188269,-0.000795505746571468
2023-06-12 00:00:00,417.4483642578125,0.009031041720685834,6.451676312043251,0.007229981845766858
2023-06-13 00:00:00,420.2005615234375,0.0065712665165258,7.002014951166125,0.002380592563701907
2023-06-14 00:00:00,420.7008972167969,0.0011899985359819978,7.177225041371972,-0.002894527515304463
2023-06-15 00:00:00,425.9166259765625,0.01232149017470009,7.986024031491029,0.009985178951239407
2023-06-16 00:00:00,424.4658508300781,-0.003412056559400137,8.579271894688487,-0.009159360235014192
2023-06-20 00:00:00,422.2636413574219,-0.005201695366752668,8.831946932452805,-0.006475654370136955
2023-06-21 00:00:00,420.10003662109375,-0.005136996171099417,8.865952983847674,-0.004549046316027074
2023-06-22 00:00:00,421.6165466308594,0.003603378336238828,8.579920083012656,0.0049861543440776505
2023-06-23 00:00:00,418.4290771484375,-0.007588837295251141,7.689617255780463,-0.008788358927912802
2023-06-26 00:00:00,416.71954345703125,-0.004093968515202174,6.901322762076234,-0.002030948967006633
2023-06-27 00:00:00,421.2881774902344,0.010903668743499873,6.584248903142385,0.012720796071788248
2023-06-28 00:00:00,421.5006408691406,0.0005041912725435475,6.156829750865754,-0.002789201987728513
2023-06-29 00:00:00,423.1618957519531,0.0039335402075982885,5.347676945512238,0.0027030741129448563
2023-06-30 00:00:00,428.155517578125,0.011731650313275253,5.114924539975964,0.009658505603025041
2023-07-03 00:00:00,428.6481018066406,0.0011498183986176124,5.294497692828034,-0.00390842902473045
2023-07-05 00:00:00,428.01068115234375,-0.0014881555751556322,5.221522405924816,-0.003888061820316372
2023-07-06 00:00:00,424.6590270996094,-0.007861593492996427,4.916377250872297,-0.008732549562216158
2023-07-07 00:00:00,423.5869140625,-0.002527836694477978,4.3019038929327005,-0.000607381635471142
2023-07-10 00:00:00,424.6590270996094,0.002527836694477901,3.847773372180218,0.0036174984998437946
2023-07-11 00:00:00,427.3634948730469,0.006348369407133566,3.4599307039086207,0.005655950960500723
2023-07-12 00:00:00,430.8020324707031,0.008013736021713177,3.619623751674762,0.005478864250622368
2023-07-13 00:00:00,434.2212829589844,0.007905609561008093,4.201855771068566,0.004104809321946739
2023-07-14 00:00:00,433.95074462890625,-0.00062323670940361,4.605218828953179,-0.00495668790805783
2023-07-17 00:00:00,435.45758056640625,0.003466351546507623,5.140958861284106,0.001765344294788262
2023-07-18 00:00:00,438.6932678222656,0.0074030747429980935,5.885569993894739,0.004997306077300832
2023-07-19 00:00:00,439.6688232421875,0.002221306750322228,6.499255849863338,-0.0016752182906895354
2023-07-20 00:00:00,436.7518615722656,-0.006656557726850724,6.622985290886218,-0.00924085653633429
2023-07-21 00:00:00,436.7518615722656,0.0,6.729379534602337,0.0008370695543831408
2023-07-24 00:00:00,438.70294189453125,0.00445730275235996,6.6437527888323356,0.004109715010533546
2023-07-25 00:00:00,439.9007263183594,0.002726565365491106,6.3022732025786885,0.0006907608365143677
2023-07-26 00:00:00,439.96826171875,0.0001535124011449206,6.207375027926835,-0.0017812797247161334
2023-07-27 00:00:00,437.0513000488281,-0.0066520122314099395,5.840344829064819,-0.0077363199693468295
2023-07-28 00:00:00,441.3301086425781,0.00974256147920305,5.727820629287876,0.011285164622422147
2023-07-31 00:00:00,442.1704406738281,0.001902279031534081,5.896126846268997,-0.0014015272632349883
2023-08-01 00:00:00,440.90509033203125,-0.0028657825143262637,5.932678467881457,-0.004783999154095697
2023-08-02 00:00:00,434.77178955078125,-0.014008365914033337,5.7292959856994035,-0.01406217764744381
2023-08-03 00:00:00,433.52581787109375,-0.0028699204609922793,5.227769256404486,0.0015714847473356631
2023-08-04 00:00:00,431.5650634765625,-0.004533067668117131,4.565001692421266,-0.0024018712538781653
2023-08-07 00:00:00,435.3320617675781,0.00869081668746436,3.7737677093983777,0.01105031461515317
2023-08-08 00:00:00,433.4388732910156,-0.0043583213869557,3.236922852078754,-0.006527309717245305
2023-08-09 00:00:00,430.54132080078125,-0.006707476336855146,3.2612752681018415,-0.005711271276168757
2023-08-10 00:00:00,430.6957702636719,0.00035866886400700605,3.4803025192707557,0.002912256855621809
2023-08-11 00:00:00,430.4446105957031,-0.0005833187728109036,3.689281899537766,0.00011253160472445023
2023-08-14 00:00:00,432.8207092285156,0.005504923176503572,3.7663236399652154,0.006087815955723651
2023-08-15 00:00:00,427.7789001464844,-0.011717102145238134,4.144702565106061,-0.013366962685584688
2023-08-16 00:00:00,424.63970947265625,-0.007365406690899301,4.685246956410228,-0.0037321799001325804
2023-08-17 00:00:00,421.4040222167969,-0.007649020755429081,5.511958108831917,-0.003989682594944288
2023-08-18 00:00:00,421.60687255859375,0.0004812520145804276,6.1149213471996635,0.00455069888642688
2023-08-21 00:00:00,424.3499450683594,0.0064851587373028225,6.29356920319979,0.007984581376496654
2023-08-22 00:00:00,423.2005615234375,-0.002712249572345506,6.391508018408902,-0.004024226096102378
2023-08-23 00:00:00,427.91400146484375,0.011076036841088077,6.1644162677049605,0.011958027800862187
2023-08-24 00:00:00,421.9835510253906,-0.0139559095720128,6.330854809583217,-0.017425498326303013
2023-08-25 00:00:00,424.9584655761719,0.0070251014291454516,5.925776742748189,0.01094293814659883
2023-08-28 00:00:00,427.65325927734375,0.006321289271501626,5.198583930048317,0.004982812986214596
2023-08-29 00:00:00,433.8349304199219,0.014351391732318478,4.57886174699637,0.011933455644206115
2023-08-30 00:00:00,435.62176513671875,0.00411023859268069,4.639280415707011,-0.0016801685854373073
2023-08-31 00:00:00,434.9842529296875,-0.0014645254173493774,4.725759313853622,-0.004937753864688785
2023-09-01 00:00:00,435.795654296875,0.0018636204057816805,4.937487545899689,0.0007547704847991341
2023-09-05 00:00:00,433.91217041015625,-0.0043313093840526345,4.854725405157648,-0.005853503984605271
2023-09-06 00:00:00,430.9952087402344,-0.006745167863560886,4.76840820128456,-0.006089909145956917
2023-09-07 00:00:00,429.6719970703125,-0.0030748533313187856,4.755888943012981,-0.0008490384670370521
2023-09-08 00:00:00,430.3191223144531,0.0015049582529247966,4.7487418860321515,0.003126552359317791
2023-09-11 00:00:00,433.149169921875,0.00655509360705635,4.834390000483371,0.0065742342552300576
2023-09-12 00:00:00,430.7731018066406,-0.005500666400463619,4.770039882891914,-0.007707168381678608
2023-09-13 00:00:00,431.275390625,0.0011653378658210514,4.796078657119715,0.0023826203928933587
2023-09-14 00:00:00,434.993896484375,0.00858515649585305,4.866352684601887,0.008397817712195929
2023-09-15 00:00:00,429.75299072265625,-0.012121396466078675,4.505550521497867,-0.01520168014839504
2023-09-18 00:00:00,430.0050354003906,0.0005863153987437494,4.091217387522045,0.003772381541464137
2023-09-19 00:00:00,429.11328125,-0.0020759759240886132,3.873237605414944,-0.001522157624470796
2023-09-20 00:00:00,425.1683349609375,-0.009235770162847785,3.708158410674431,-0.0082461852170916
2023-09-21 00:00:00,418.1409606933594,-0.016666570549769614,4.572333297422582,-0.013060059809003115
2023-09-22 00:00:00,417.2008056640625,-0.0022509479691375533,5.086955943275505,0.0048361138015580295
2023-09-25 00:00:00,418.9551696777344,0.004196266342020719,5.525860284370334,0.007575316559873466
2023-09-26 00:00:00,412.8001708984375,-0.014800292423267209,6.622315201172588,-0.014518680196610706
2023-09-27 00:00:00,412.9649963378906,0.00039920657393126963,7.3542076871103905,0.006249680103314528
2023-09-28 00:00:00,415.35906982421875,0.005780539889037838,7.59582641419937,0.007902729636784709
2023-09-29 00:00:00,414.3510437011719,-0.00242982844868122,7.807876835236129,-0.003099382189942283
2023-10-02 00:00:00,414.1862487792969,-0.00039779723989197095,7.836013443277449,0.0007712895894309779
2023-10-03 00:00:00,408.6419372558594,-0.013476435367207298,8.266879602731178,-0.012665161343415202
2023-10-04 00:00:00,411.61767578125,0.007255633540166907,8.45232126020124,0.012540285635507485
2023-10-05 00:00:00,411.4625549316406,-0.0003769276570075328,8.6017533390456,-0.0009269200988945487
2023-10-06 00:00:00,416.3477478027344,0.011802823826859727,8.42358209983634,0.012337300137051916
2023-10-09 00:00:00,419.0133056640625,0.006381831896792151,7.937886356436753,0.002725183955079373
2023-10-10 00:00:00,421.1942138671875,0.005191367728654039,7.5598073771600856,0.0020361357742394426
2023-10-11 00:00:00,422.9195861816406,0.004088014476724346,7.122790653717825,0.0011796494795234414
2023-10-12 00:00:00,420.3411865234375,-0.006115327018812495,6.148495560436619,-0.008697014492227834
2023-10-13 00:00:00,418.24761962890625,-0.004993081779070037,5.578358561610936,-0.003972373567475191
2023-10-16 00:00:00,422.6481018066406,0.010466273607086593,4.978407455532893,0.012224267018402828
2023-10-17 00:00:00,422.62872314453125,-4.585163473257235e-05,4.390107671661783,-0.003231757206851175
2023-10-18 00:00:00,416.9971923828125,-0.01341458167806831,3.9926438768890327,-0.014366251150378782
2023-10-19 00:00:00,413.3332214355469,-0.008825389670716267,4.049058939941607,-0.004643632300002044
2023-10-20 00:00:00,408.25421142578125,-0.01236405161206173,4.429900891682677,-0.0080862071805989
2023-10-23 00:00:00,407.546630859375,-0.0017346899075486066,4.750168361829891,0.004189874582367005
2023-10-24 00:00:00,410.6192626953125,0.007511059323296216,4.8361309637496905,0.010449137091592595
2023-10-25 00:00:00,404.7259826660156,-0.01445616490507655,5.352244090478264,-0.01548037776725653
2023-10-26 00:00:00,399.8795471191406,-0.012046882552666827,6.285391306990962,-0.006750688368774655
2023-10-27 00:00:00,398.06695556640625,-0.004543148354733323,7.206501780708124,0.0016640597296488395
2023-10-30 00:00:00,402.8262023925781,0.01188498815406866,7.563633789707211,0.016081955223813036
2023-10-31 00:00:00,405.3561096191406,0.00626075441814721,7.688251951678965,0.004274139947993531
2023-11-01 00:00:00,409.6790771484375,0.010608150762239033,7.713481862425607,0.008558396454183222
2023-11-02 00:00:00,417.5303649902344,0.018983157625556784,7.781634783089454,0.014955180552254107
2023-11-03 00:00:00,421.3395690917969,0.009081813827111904,7.965841923524108,0.0012681773526217327
2023-11-06 00:00:00,422.30889892578125,0.002297948250443544,8.117907101294952,-0.0035530093019777126
2023-11-07 00:00:00,423.5107727050781,0.002841916849461943,8.244933942455292,-0.0004256613246794148
2023-11-08 00:00:00,423.8209533691406,0.0007321351682530736,8.298925852041991,-0.0019924748638512147
2023-11-09 00:00:00,420.5157775878906,-0.007829086530293594,8.306223901013007,-0.00954706146305399
2023-11-10 00:00:00,427.0777893066406,0.015484173271999382,8.76906645265653,0.01714431457879118
2023-11-13 00:00:00,426.670654296875,-0.0009537587885019063,9.009478814933141,-0.006263692416685317
2023-11-14 00:00:00,434.9483642578125,0.01921490697715883,9.942065183212696,0.01767350858590476
2023-11-15 00:00:00,435.8692321777344,0.002114950976980768,10.95455014268067,-0.005629454245970486
2023-11-16 00:00:00,436.40234375,0.0012223524263700366,11.825179398524142,-0.0024391335912365723
2023-11-17 00:00:00,436.9450988769531,0.0012429307520376342,12.420973406024443,-0.0011978147159368924
2023-11-20 00:00:00,440.30853271484375,0.007668136551766448,13.041981906529323,0.0057065607435713185
2023-11-21 00:00:00,439.3489685058594,-0.0021816777285643507,13.51216649061823,-0.00612735883673016
2023-11-22 00:00:00,441.04522705078125,0.0038534116931485942,13.5953779194563,0.002785564679106923
2023-11-24 00:00:00,441.3165588378906,0.0006150125719428613,13.033568419062828,-0.001738982704891129
2023-11-27 00:00:00,440.5218200683594,-0.0018024595066575126,11.836692415408322,-0.003286168368330439
2023-11-28 00:00:00,440.95794677734375,0.0009895331940109734,10.75150805068146,0.000612822854371819
2023-11-29 00:00:00,440.6477966308594,-0.0007036028555814795,9.505109366163742,-0.0016374027640790605
2023-11-30 00:00:00,442.3828430175781,0.003929758587469678,8.44377980759803,0.003520847878275982
2023-12-01 00:00:00,444.9999084472656,0.005898408579474236,8.095822080291795,0.004059211645928085
2023-12-04 00:00:00,442.6639099121094,-0.005263262689046162,7.748821445428385,-0.008198314794708703
2023-12-05 00:00:00,442.57666015625,-0.00019712100663243153,7.321543217821439,0.000344452792799229
2023-12-06 00:00:00,440.793212890625,-0.0040378322674659226,6.781538899155846,-0.0042478320164314135
2023-12-07 00:00:00,444.1566162109375,0.007601378981604649,6.23304653713556,0.00869246490097523
2023-12-08 00:00:00,446.0661315917969,0.004289978691554495,5.016769031679782,0.0017666417242772148
2023-12-11 00:00:00,447.8011474609375,0.00388204846230179,4.502200146634833,0.0014616254211114094
2023-12-12 00:00:00,449.8463439941406,0.004556800061527671,3.76120886386904,0.002117023029337697
2023-12-13 00:00:00,456.0498046875,0.01369595769256772,4.63837291876926,0.010936888908081862
2023-12-14 00:00:00,457.5133972167969,0.0032041434646547743,5.416577658468271,-0.0029042220484172777
2023-12-15 00:00:00,456.7601013183594,-0.0016478571676961176,5.859801673627884,-0.0052276593375576155
2023-12-18 00:00:00,459.3294677734375,0.00560943662939355,6.397189939759112,0.004267142439475289
2023-12-19 00:00:00,462.1225280761719,0.006062320922762499,7.186619196911608,0.0029512707016040927
2023-12-20 00:00:00,455.71881103515625,-0.013954091359801354,7.218395656536797,-0.017638600186032225
2023-12-21 00:00:00,460.0398864746094,0.00943721860601882,7.528073542494939,0.012511369224009632
2023-12-22 00:00:00,460.96441650390625,0.0020076569389475612,7.789241724437996,-0.0009829211072156724
2023-12-26 00:00:00,462.91082763671875,0.004213586249705408,8.010438423978526,0.0023101565703531183
2023-12-27 00:00:00,463.7478332519531,0.0018065030376105341,8.160956370304381,-0.0007388597354658077
2023-12-28 00:00:00,463.92303466796875,0.00037772322955768927,8.139388317883665,-0.0015344191527321064
2023-12-29 00:00:00,462.5799560546875,-0.002899244940413454,8.00907989183862,-0.004161536762133282
2024-01-02 00:00:00,459.9911804199219,-0.005612103667722635,7.828529225182167,-0.005499890469498706
2024-01-03 00:00:00,456.2346496582031,-0.008200056553217268,7.320813547259358,-0.006636747796389751
2024-01-04 00:00:00,454.7650146484375,-0.0032264255240323347,6.704666900438083,-0.00015915435628845133
2024-01-05 00:00:00,455.387939453125,0.0013688356427243788,5.725429380811897,0.0033594196723075766
2024-01-08 00:00:00,461.8890380859375,0.014175015066744383,5.03037402373244,0.014406068360079887
2024-01-09 00:00:00,461.188232421875,-0.0015184119923646973,4.312901246051457,-0.006303412327114698
2024-01-10 00:00:00,463.7965087890625,0.005639624448004276,3.7067166927060824,0.004627883652675243
2024-01-11 00:00:00,463.59210205078125,-0.00044082219514477247,3.1313263526893294,-0.00312515274234675
2024-01-12 00:00:00,463.9132995605469,0.0006926051795439928,3.1136637746068208,-0.00032156795600270336
2024-01-16 00:00:00,462.2101745605469,-0.0036779694446870677,3.0700628723632057,-0.0046513262635926155
2024-01-17 00:00:00,459.6408996582031,-0.00557417922870952,2.9541088027757003,-0.004932186443755544
2024-01-18 00:00:00,463.72833251953125,0.008853358802243035,3.0073572833037705,0.010702102052867032
2024-01-19 00:00:00,469.5092468261719,0.012389103004520771,3.539249476792782,0.009716874842080336
2024-01-22 00:00:00,470.5019836425781,0.0021121815427393403,3.830943483780857,-0.0031100618024259333
2024-01-23 00:00:00,471.8741760253906,0.0029121987828758314,4.356422871417034,0.0002192859924479238
2024-01-24 00:00:00,472.3899841308594,0.0010925081741702284,4.826029962440627,-0.00135390696815482
2024-01-25 00:00:00,474.9593200683594,0.005424276401233183,5.463619589311777,0.0037218465070006194
2024-01-26 00:00:00,474.35589599609375,-0.001271283011846001,5.928778590013151,-0.004236964360957145
2024-01-29 00:00:00,478.1125183105469,0.007888223351800455,6.64444608378807,0.006903088625768717
2024-01-30 00:00:00,477.7427062988281,-0.0007737825156976397,7.166090284714528,-0.004396406531464625
2024-01-31 00:00:00,469.94720458984375,-0.016451958495431004,7.091451342985222,-0.017792415312284718
2024-02-01 00:00:00,476.0979919433594,0.013003340736630115,7.00447490905256,0.017748670646141954
2024-02-02 00:00:00,481.11004638671875,0.010472332133591505,7.004244767668732,0.006987320853396089
2024-02-05 00:00:00,479.3581848144531,-0.003647936408697366,6.684930290240473,-0.008440337392243934
2024-02-06 00:00:00,480.7499694824219,0.0028992267936248763,6.8317369135680925,0.002267988454468531
2024-02-07 00:00:00,484.7596130371094,0.008305803853538827,7.109976774810696,0.006496880471268794
2024-02-08 00:00:00,484.9737243652344,0.00044158806002859486,7.39298935530092,-0.0034748433122646248
2024-02-09 00:00:00,487.7765808105469,0.00576276190748158,7.729369957617357,0.0038994627358619463
2024-02-12 00:00:00,487.5625,-0.0004389874623027481,7.87502574482568,-0.0036579456997230878
2024-02-13 00:00:00,480.8472595214844,-0.013868815444122386,7.347943637831345,-0.015292351109248783
2024-02-14 00:00:00,485.2170715332031,0.009046689074972927,6.515872111335987,0.012825122232927458
2024-02-15 00:00:00,488.56488037109375,0.006875917182914091,6.112085532300578,0.0044191649871638174
2024-02-16 00:00:00,486.1318664550781,-0.004992360910690337,5.9164661505543155,-0.008292063608451956
2024-02-20 00:00:00,483.4554748535156,-0.005520695836548124,5.578771628473909,-0.0051915987091726195
2024-02-21 00:00:00,483.8934326171875,0.0009054805152781886,5.278089814629664,0.002445922741213651
2024-02-22 00:00:00,493.9078063964844,0.020484171112886966,5.615973064057757,0.020357910600617604
2024-02-23 00:00:00,494.24847412109375,0.0006895017414198272,5.9730708674285875,-0.006661332581105381
2024-02-26 00:00:00,492.43829345703125,-0.0036692144952900907,5.97373301080683,-0.006468163024285385
2024-02-27 00:00:00,493.35308837890625,0.001855961010254503,6.162974436126664,0.0015273853376360936
2024-02-28 00:00:00,492.7010803222656,-0.0013224590947657554,6.192167506165204,-0.0027011790359658004
2024-02-29 00:00:00,494.4722595214844,0.0035883892489504596,5.39686249824649,0.003167921578848297
2024-03-01 00:00:00,499.11456298828125,0.009344603093945912,5.491957925019172,0.007530728777914738
2024-03-04 00:00:00,498.5793151855469,-0.0010729701079554852,5.752364462473354,-0.005272930165736446
2024-03-05 00:00:00,493.59637451171875,-0.010044556868045226,5.436267659303926,-0.011432143931472512
2024-03-06 00:00:00,496.0975646972656,0.00505448282836862,5.252899985024774,0.007523634254518733
2024-03-07 00:00:00,501.0220947265625,0.009877590962951058,5.612086588858401,0.008417048094225645
2024-03-08 00:00:00,498.01483154296875,-0.006020342567088784,5.643435358023221,-0.010126059337699955
2024-03-11 00:00:00,497.58660888671875,-0.0008602291344054963,5.7199758048620755,-0.0003811787932345599
2024-03-12 00:00:00,502.9393310546875,0.010699918958305637,6.088021378773122,0.010625115764070417
2024-03-13 00:00:00,502.15093994140625,-0.00156879694834559,5.756617030171409,-0.005658069914790115
2024-03-14 00:00:00,501.15826416015625,-0.001978803944202582,5.604356673021841,-0.0030256880513857822
2024-03-15 00:00:00,497.7170715332031,-0.006890161600754669,5.458827757457363,-0.007066987850589838
2024-03-18 00:00:00,500.6750793457031,0.005925560342370959,5.173070562739532,0.007852806179134562
2024-03-19 00:00:00,503.4573669433594,0.005541688705201126,4.578281638504811,0.003773164664068966
2024-03-20 00:00:00,508.11407470703125,0.009206943705209159,4.174853718937476,0.006568579257612816
2024-03-21 00:00:00,509.79315185546875,0.0032990799702257204,4.775811380788193,-0.0010698410876250996
2024-03-22 00:00:00,508.82672119140625,-0.0018975301378145477,5.1164787650731824,-0.004888786267116702
2024-03-25 00:00:00,507.42095947265625,-0.002766574806774521,5.111301235393857,-0.0036762170506254577
2024-03-26 00:00:00,506.48370361328125,-0.0018488052387299597,5.014118423625128,-0.0017795892772913106
2024-03-27 00:00:00,510.7400817871094,0.008368665923906098,5.063083959372678,0.00857340241259585
2024-03-28 00:00:00,510.64251708984375,-0.00019104436999350314,5.1036599672567355,-0.0033804841825855027
2024-04-01 00:00:00,509.7541198730469,-0.0017412786539815906,5.253823238789126,-0.002958613312587249
2024-04-02 00:00:00,506.5130310058594,-0.006378440654871345,5.186137260869075,-0.00661356974951804
2024-04-03 00:00:00,507.0694885253906,0.0010980015237326555,4.689672830707189,0.002858710656457512
2024-04-04 00:00:00,500.8801574707031,-0.012281186609957017,4.376343740521965,-0.012398784703941365
2024-04-05 00:00:00,506.1127624511719,0.010392629328864858,4.311430305897248,0.01453400500385554
2024-04-08 00:00:00,506.3957824707031,0.0005590471869533618,4.029407491923082,-0.0018784670920321102
2024-04-09 00:00:00,506.9815673828125,0.0011561043424536386,3.640840338282124,0.0003276846951920454
2024-04-10 00:00:00,501.9051208496094,-0.010063547146430171,3.6866158268732434,-0.010890037505039505
2024-04-11 00:00:00,505.6929626464844,0.00751859238827473,3.598802168784623,0.01059788314810969
2024-04-12 00:00:00,498.71282958984375,-0.013899253636575067,3.791388136280816,-0.015722513040980015
2024-04-15 00:00:00,492.46490478515625,-0.012607239535032184,4.458112157409241,-0.008254141184670483
2024-04-16 00:00:00,491.5667419433594,-0.0018254760285401276,5.305473504224429,0.003862102396798913
2024-04-17 00:00:00,488.6575622558594,-0.005935760247295957,6.387512593338001,-0.0032342943567387817
2024-04-18 00:00:00,487.65203857421875,-0.002059846664048886,7.263183779516138,0.0013814205929311347
2024-04-19 00:00:00,483.3956298828125,-0.008766687960013847,8.275510416674438,-0.006504275818610582
2024-04-22 00:00:00,487.8472900390625,0.009166998778738115,8.651295629708644,0.013443716367212859
2024-04-23 00:00:00,493.63641357421875,0.011796814660410418,8.648997905571052,0.010403221930948536
2024-04-24 00:00:00,493.402099609375,-0.00047478181674910023,8.64031888144781,-0.004497456550267007
2024-04-25 00:00:00,491.5277099609375,-0.003806143124186124,8.402109258506737,-0.004728413753340368
2024-04-26 00:00:00,496.1844177246094,0.009429351197479733,7.9389871187505845,0.010332967643642636
2024-04-29 00:00:00,497.9415588378906,0.003535050857864069,7.453553191452963,0.00043375791119083925
2024-04-30 00:00:00,490.0535583496094,-0.015968030521390147,7.289689291542436,-0.018182473725407187
2024-05-01 00:00:00,488.4623107910156,-0.0032523723149546703,7.052655311640695,0.0014042464245397923
2024-05-02 00:00:00,493.0311279296875,0.009309996295354443,6.958643889852245,0.011699380351167618
2024-05-03 00:00:00,499.1424255371094,0.012319165078220826,6.560577986079848,0.01003517525797339
2024-05-06 00:00:00,504.2969665527344,0.010273836955981703,6.387687890999808,0.005470757534138952
2024-05-07 00:00:00,504.8533935546875,0.001102763434147798,6.195852274880933,-0.004095010922000156
2024-05-08 00:00:00,504.90216064453125,9.659187251579826e-05,6.405324873362051,-0.002331277528170708
2024-05-09 00:00:00,507.8114318847656,0.005745512383428072,6.601233821970964,0.004369709086873446
2024-05-10 00:00:00,508.4655456542969,0.0012872747770820978,7.206431173140127,-0.0016481733211186212
2024-05-13 00:00:00,508.53369140625,0.00013401337891285204,7.726473709871826,-0.0016552718672675922
2024-05-14 00:00:00,510.86700439453125,0.004577821209502009,8.288800443787542,0.0034880667288546656
2024-05-15 00:00:00,517.193115234375,0.012307044241240997,9.136849236157333,0.009924060614837967
2024-05-16 00:00:00,516.1289672851562,-0.002059664345543783,9.551110389491521,-0.007496359471621885
2024-05-17 00:00:00,516.8709106445312,0.0014364832035496022,9.447602620405565,-2.8866092237283788e-05
2024-05-20 00:00:00,517.4664916992188,0.0011516186481526074,9.503680842048905,-0.0004988190327853692
2024-05-21 00:00:00,518.7355346679688,0.0024494134752486626,9.830806424458103,0.0009978352351599443
2024-05-22 00:00:00,517.2418823242188,-0.0028835635878153875,9.883105110615736,-0.004678117564521318
2024-05-23 00:00:00,513.4638671875,-0.007330961447818925,9.48232453883717,-0.007334144641411002
2024-05-24 00:00:00,516.8612060546875,0.006594717081072719,9.419268281435665,0.008723080580070933
2024-05-28 00:00:00,517.2223510742188,0.000698483273860056,9.36628513920765,-0.001226828574628865
2024-05-29 00:00:00,513.6005249023438,-0.007027087116653561,8.392825240320521,-0.007984813458431154
2024-05-30 00:00:00,510.19342041015625,-0.0066558648560571315,6.825984254691499,-0.0047710867251137
2024-05-31 00:00:00,514.8403930664062,0.009067026728528197,5.508027602415684,0.011753004472439293
2024-06-03 00:00:00,515.2601928710938,0.0008150657006879237,4.69680335114448,-0.0015389615134537328
2024-06-04 00:00:00,515.8360595703125,0.0011169990342422232,4.317592080353998,0.00017725208409061135
2024-06-05 00:00:00,521.9668579101562,0.01181509428470408,4.250658560893831,0.010953815595675534
2024-06-06 00:00:00,521.9571533203125,-1.8592521562115075e-05,4.009115624869839,-0.0046147970287134235
2024-06-07 00:00:00,521.3225708007812,-0.0012165147718674742,3.872557427374631,-0.0028972951520293633
2024-06-10 00:00:00,522.933349609375,0.0030850293585066657,3.804024418379206,0.0024869459784434495
2024-06-11 00:00:00,524.1927490234375,0.0024054409931384382,3.709608347300145,0.0007294334307118026
2024-06-12 00:00:00,528.4979858398438,0.008179535883078883,4.165011275979696,0.006491183346874782
2024-06-13 00:00:00,529.5621337890625,0.0020115082088186516,4.848298829347801,-0.0017393972493235008
2024-06-14 00:00:00,529.8842163085938,0.0006080204616761836,5.380165021784789,-0.0016705399027206525
2024-06-17 00:00:00,534.1015014648438,0.007927375662002814,6.220820020339203,0.006457025727807511
2024-06-18 00:00:00,535.45849609375,0.0025374833765740234,7.003870984173234,-0.0012051491045999198
2024-06-20 00:00:00,534.0039672851562,-0.0027201136182723484,7.512058742224651,-0.005257234923186803
2024-06-21 00:00:00,533.2879638671875,-0.0013417201132756259,7.820137791263446,-0.001784408022000757
2024-06-24 00:00:00,531.5545043945312,-0.0032558074186296707,7.742787167960301,-0.003484313770411248
2024-06-25 00:00:00,533.6014404296875,0.0038434532800629036,7.869945380927394,0.004498070052751936
2024-06-26 00:00:00,534.2675170898438,0.0012474877967871068,7.9619880848191835,-0.00019901489329807198
2024-06-27 00:00:00,535.1096801757812,0.001575053708258707,7.756901002668145,0.00047282087405484943
2024-06-28 00:00:00,533.0039672851562,-0.003942868108871373,6.923569311503027,-0.0051398709841082805
2024-07-01 00:00:00,534.1008911132812,0.00205588833347297,6.4118489695420315,0.0027533209883864075
2024-07-02 00:00:00,537.6953125,0.006707310307836776,5.943685176673847,0.005913949251423998
2024-07-03 00:00:00,540.0948486328125,0.0044527036595634105,5.46350849151819,0.0016790852421167744
2024-07-05 00:00:00,543.209228515625,0.005749795516621325,5.6970726772014535,0.003081729680850087
2024-07-08 00:00:00,543.8360595703125,0.001153275086205965,5.784284477820915,-0.002093194906462266
2024-07-09 00:00:00,544.3649291992188,0.0009720073332111152,5.639413079159322,-0.0009302030710465433
2024-07-10 00:00:00,549.7515869140625,0.009846668354302415,5.993065244395697,0.008365894892881589
2024-07-11 00:00:00,545.01123046875,-0.008660115225480658,5.745225161530374,-0.013060646935963056
2024-07-12 00:00:00,548.4490966796875,0.006288069998139264,5.992518686096349,0.007456382648155497
2024-07-15 00:00:00,549.9573364257812,0.002746234269100721,6.280413924150573,0.0002962195224915343
2024-07-16 00:00:00,553.2185668945312,0.0059124568606053005,6.716830795949752,0.0038382876673424917
2024-07-17 00:00:00,545.4618530273438,-0.014120289404583713,6.699367325215408,-0.017292271048323617
2024-07-18 00:00:00,541.2700805664062,-0.00771449355674057,6.6097237301480005,-0.004255322059806579
2024-07-19 00:00:00,537.6756591796875,-0.0066628645941847215,6.474621092579309,-0.0033862921389923744
2024-07-22 00:00:00,543.2191162109375,0.010257253083666889,6.260891456009788,0.013543624327936786
2024-07-23 00:00:00,542.3670654296875,-0.0015697527669806866,5.854630261090309,-0.0040060337035568395
2024-07-24 00:00:00,530.07568359375,-0.022923219119819423,6.144255974242574,-0.02295450444789371
2024-07-25 00:00:00,527.3137817382812,-0.005224012962329711,6.719552755342905,0.002671534068554783
2024-07-26 00:00:00,533.219482421875,0.01113734369022862,6.81795416556022,0.015442810670452384
2024-07-29 00:00:00,533.5328369140625,0.0005874925144674297,6.787207366408348,-0.0014195668043045016
2024-07-30 00:00:00,530.8297119140625,-0.005079342212160226,6.99241307628308,-0.005411075083351737
2024-07-31 00:00:00,539.4581909179688,0.01612400909867429,6.960891005742455,0.01791666978912085
2024-08-01 00:00:00,531.8189697265625,-0.014262136750138165,7.249291553071613,-0.019264700810165788
2024-08-02 00:00:00,521.9172973632812,-0.018794007802899755,8.291432611438228,-0.015256820073170372
2024-08-05 00:00:00,506.7171936035156,-0.029556096743112346,10.890775495592004,-0.022099462573358535
2024-08-06 00:00:00,511.3888854980469,0.009177284722812698,12.188183446157595,0.0220770643836702
2024-08-07 00:00:00,507.9707336425781,-0.006706494161259906,13.212446845561493,-0.005132669480445204
2024-08-08 00:00:00,519.7136840820312,0.022854217421822778,13.312468339703896,0.026946286131351624
2024-08-09 00:00:00,522.00537109375,0.004399824880407066,12.999960115212263,-0.0015028109397328942
2024-08-12 00:00:00,522.27978515625,0.0005255539010084959,12.416948531961841,-0.002155845108012087
2024-08-13 00:00:00,530.8688354492188,0.016311545326634827,11.23285194293071,0.015311964208291914
2024-08-14 00:00:00,532.5437622070312,0.003150100246220468,10.619801946055514,-0.002948297515920543
2024-08-15 00:00:00,541.671630859375,0.016994893961999435,10.644636802997589,0.01386614767452898
2024-08-16 00:00:00,542.8860473632812,0.002239469667383563,10.930123595375056,-0.005158773622781665
2024-08-19 00:00:00,548.0768432617188,0.009516061662984574,11.300219289179676,0.005904980698014777
2024-08-20 00:00:00,547.185546875,-0.001627548962682649,11.632680922185163,-0.006889782597889742
2024-08-21 00:00:00,549.0660400390625,0.0034307727003390835,12.42385366187916,0.0016205257081433506
2024-08-22 00:00:00,544.7566528320312,-0.007879539401688134,12.80929876017996,-0.01044867277124802
2024-08-23 00:00:00,550.544921875,0.010569368402715641,13.50417966206762,0.011893550587972382
2024-08-26 00:00:00,549.2324829101562,-0.002386736774478714,14.03037136949177,-0.0062332944645088935
2024-08-27 00:00:00,549.9866943359375,0.0013722678056375614,14.525641084657673,0.0006685517512871505
2024-08-28 00:00:00,546.7937622070312,-0.005822388847180728,14.762033766819503,-0.007044946443042864
2024-08-29 00:00:00,546.8427734375,8.962983386921801e-05,15.018514307048765,0.001346086905764894
2024-08-30 00:00:00,552.0630493164062,0.009500932726517738,15.17964243866445,0.009513520890457646
2024-09-03 00:00:00,540.7020263671875,-0.020793915475941848,13.613395459626952,-0.024289437360896764
2024-09-04 00:00:00,539.5952758789062,-0.0020489746168683718,12.187600462254732,0.003933538776640249
2024-09-05 00:00:00,538.282958984375,-0.0024350014695619267,9.869149257501658,-0.00017880884452934828
2024-09-06 00:00:00,529.2235107421875,-0.016973509763818825,9.03803168462275,-0.015215935851390219
2024-09-09 00:00:00,535.14892578125,0.011134215901236042,8.03885972400143,0.017827190445559936
2024-09-10 00:00:00,537.4797973632812,0.004346098888906451,6.76711288693783,0.002803397246389043
2024-09-11 00:00:00,542.9937744140625,0.010206681706174558,6.20446102291434,0.008741059056855807
2024-09-12 00:00:00,547.5675048828125,0.008387895979130387,5.755534349987663,0.004489187131579604
2024-09-13 00:00:00,550.42724609375,0.005209037064628186,5.8927536607659885,0.0009980634012346683
2024-09-16 00:00:00,551.2402954101562,0.0014760341634658385,6.0612863488923985,-0.001987672325483519
2024-09-17 00:00:00,551.4655151367188,0.00040848561337042405,6.194719614566999,-0.0016772792018929792
2024-09-18 00:00:00,549.8298950195312,-0.002970358914960529,6.267113898466658,-0.004289087592745275
2024-09-19 00:00:00,559.2125244140625,0.01692063908327489,6.937432285327874,0.017091770421027955
2024-09-20 00:00:00,558.2457275390625,-0.0017303503097946692,7.452483958942358,-0.007969655394814158
2024-09-23 00:00:00,559.6408081054688,0.0024959264579392793,7.955539466229252,0.0008283134335940439
2024-09-24 00:00:00,561.2420654296875,0.0028571377996975157,8.54777019902837,0.0007956355193696439
2024-09-25 00:00:00,560.0042724609375,-0.0022078885428664426,8.967894144252195,-0.004377333324769134
2024-09-26 00:00:00,562.2245483398438,0.003956909205468846,9.4882119906898,0.0035484382733725964
2024-09-27 00:00:00,561.4091186523438,-0.0014514158032163835,9.871204254237608,-0.003443768438138154
2024-09-30 00:00:00,563.6588134765625,0.003999221306372743,10.340004004050542,0.0035094564154650723
2024-10-01 00:00:00,558.6093139648438,-0.008998800666687687,10.272959737299997,-0.010963655724087536
2024-10-02 00:00:00,558.8450317382812,0.00042188350305342646,10.070829081281722,0.0026180605439042994
2024-10-03 00:00:00,557.823486328125,-0.0018296310473549984,9.647392360733807,-0.0016436619012395863
2024-10-04 00:00:00,562.892578125,0.009046227722402978,8.215195806678977,0.009643273551592378
2024-10-07 00:00:00,557.8037109375,-0.009081679333255575,6.930602840809885,-0.012166095758975147
2024-10-08 00:00:00,563.0792236328125,0.00941320719075716,5.718035633516861,0.011524102816481249
2024-10-09 00:00:00,566.9793090820312,0.00690247597092669,5.1616175749377655,0.003984464412946053
2024-10-10 00:00:00,565.987060546875,-0.0017515944258309486,4.831066013568071,-0.0051578966976701755
2024-10-11 00:00:00,569.3762817382812,0.005970302426428204,4.90830887512479,0.005189018070531182
2024-10-14 00:00:00,574.032958984375,0.00814529536083004,5.371346198277715,0.005369583002936801
2024-10-15 00:00:00,569.5728759765625,-0.007800074963761271,5.191068169883697,-0.01187793319242375
2024-10-16 00:00:00,572.0484008789062,0.004336865180397527,4.827401934420376,0.0053085625379751256
2024-10-17 00:00:00,572.0975341796875,8.588642288709105e-05,5.112394443496459,-0.0016921582795561053
2024-10-18 00:00:00,574.2982177734375,0.0038393134190058387,5.430908299473114,0.002942801204422134
2024-10-21 00:00:00,573.35498046875,-0.001643767504879667,5.626103963414664,-0.003642233759002503
2024-10-22 00:00:00,573.0504760742188,-0.000531233343237344,5.7899552939796575,-0.0009310723865409266
2024-10-23 00:00:00,567.8142700195312,-0.009179427868702749,5.643544676463515,-0.00950417257745264
2024-10-24 00:00:00,569.0422973632812,0.0021603918323792504,5.595931616353054,0.004974891810065111
2024-10-25 00:00:00,568.8458251953125,-0.0003453277453665066,5.4853846329131795,-0.00043233933846903926
2024-10-28 00:00:00,570.6043701171875,0.0030866576271853827,5.485214995634279,0.003196604217348451
2024-10-29 00:00:00,571.5277709960938,0.0016169776628493643,5.1746931994666685,0.0005089712753715587
2024-10-30 00:00:00,569.7988891601562,-0.0030296026872412524,4.743330139197573,-0.0040259619426761956
2024-10-31 00:00:00,558.6289672851562,-0.019797963432215397,4.6550943102677875,-0.019217397110793604
2024-11-01 00:00:00,560.9866943359375,0.004211678376356711,4.787391537255335,0.011142172619478622
2024-11-04 00:00:00,559.7783203125,-0.0021563387077012815,4.582879869248846,-0.0014657105193346585
2024-11-05 00:00:00,566.5470581054688,0.012019296392962288,4.436044896038471,0.013419818002722787
2024-11-06 00:00:00,580.6345825195312,0.024561468067612408,5.114740000694988,0.021034336214304297
2024-11-07 00:00:00,585.1241455078125,0.007702426027757667,6.084600390738615,-0.0018231717880439835
2024-11-08 00:00:00,587.6587524414062,0.004322387177034996,7.148699449430888,-0.0016126238269149329
2024-11-11 00:00:00,588.21875,0.0009524760866116429,8.036091102171005,-0.003249129149892195
2024-11-12 00:00:00,586.3914184570312,-0.003111386341098595,8.600206304539995,-0.005634725935603652
2024-11-13 00:00:00,586.67626953125,0.0004856515659483951,9.110152099682045,-2.47859618485112e-05
2024-11-14 00:00:00,582.9039306640625,-0.006450779429981379,9.325660484133934,-0.007446071123652695
2024-11-15 00:00:00,575.437744140625,-0.012891343001767624,9.330212228422967,-0.011424811009084445
2024-11-18 00:00:00,577.7955322265625,0.004089010297291547,9.361404274116408,0.008667803394350464
2024-11-19 00:00:00,579.9075927734375,0.003648712427977012,9.431980932875955,0.003510572482745022
2024-11-20 00:00:00,580.1041259765625,0.00033884693030040655,9.362391183925377,-0.0008343750840774598
2024-11-21 00:00:00,583.21826171875,0.0053538781919065265,9.39603762892709,0.00484846229819833
2024-11-22 00:00:00,585.02587890625,0.003094590534963127,9.438295449560773,0.0009277627557984754
2024-11-25 00:00:00,587.0103759765625,0.003386412252227037,9.571955609752278,0.0014645715174977404
2024-11-26 00:00:00,590.075439453125,0.005207896253582305,9.827156482157267,0.0031344080883504337
2024-11-27 00:00:00,588.2874145507812,-0.003034763474673077,9.825726747616507,-0.005842136782202725
2024-11-29 00:00:00,591.9420166015625,0.0061930564261678455,8.92536810095426,0.0059939903937291095
2024-12-02 00:00:00,593.0029296875,0.0017906542793228823,7.9799938782812,-0.0008784403695420503
2024-12-03 00:00:00,593.2779541015625,0.00046367504146472156,6.317253130401071,-0.0013197325623746695
2024-12-04 00:00:00,596.9619750976562,0.0061904035822566775,5.418505747142027,0.0050417965002168014
2024-12-05 00:00:00,595.9794921875,-0.001647160668371199,5.686662458552373,-0.0045815867173812485
2024-12-06 00:00:00,597.109375,0.0018940469253445984,6.10021950265237,0.0011589068430843496
2024-12-09 00:00:00,594.0344848632812,-0.0051629313144236,6.272230418731396,-0.006535567679819863
2024-12-10 00:00:00,592.1875610351562,-0.003113962224766218,6.348829183731586,-0.002119335865891884
2024-12-11 00:00:00,596.765625,0.007701037591960257,6.624915953315461,0.008753872683710766
2024-12-12 00:00:00,593.690673828125,-0.0051660157765023515,6.710282251762787,-0.007705905769002735
2024-12-13 00:00:00,593.57275390625,-0.0001986415474580235,6.649246003933535,0.0006786602189189277
2024-12-16 00:00:00,596.1072998046875,0.004260893044531318,5.993044847183138,0.004306692915933179
2024-12-17 00:00:00,593.6513061523438,-0.004128563775186064,5.294057940039692,-0.005747282964883785
2024-12-18 00:00:00,575.9584350585938,-0.03025662357994095,5.760745029071674,-0.02946899903847625
2024-12-19 00:00:00,575.7815551757812,-0.0003071524575040355,6.224106695454488,0.010296732335224346
2024-12-20 00:00:00,582.697265625,0.011939437265177957,6.256297416575728,0.015387085946733832
2024-12-23 00:00:00,586.1865844726562,0.005970360891118923,6.2090064377025636,0.0035733733595626443
2024-12-24 00:00:00,592.7020874023438,0.011053748206390117,6.162997671351916,0.00871092277474063
2024-12-26 00:00:00,592.7415771484375,6.66244163079086e-05,6.170417628985019,-0.00448681522831342
2024-12-27 00:00:00,586.5020751953125,-0.010582308699819935,6.223608070111972,-0.012193814583585821
2024-12-30 00:00:00,579.80908203125,-0.011477325916348764,6.680904749152017,-0.008683331627030796
2024-12-31 00:00:00,577.6997680664062,-0.003644579131282699,7.1993160973221455,0.0009686158172106814
